trial,score,n_ents,n_rels,n_tws,n_quads,n_unique_triples,avg_degree,deg_p25,deg_p75,pat_distr_ents,pat_distr_rels,n_1_hop,n_2_hop,n_3_hop,rnd_avg_density,p_skip_consequence,use_force_distr,p_force,n_force,force_binom_n,force_binom_p
0,80.85112112437494,7128,230,365,526025,509618,149.8006549907447,43.0,208.0,gamma(1,2),gamma(2,2),133,55,94,0.0,0.0,False,0.6000000000000001,3,None,None
1,57.97023589206985,7128,230,365,199956,199951,56.10437710437711,48.0,63.0,uniform,uniform,68,72,43,0.0,0.0,False,0.35000000000000003,3,None,None
2,71.41386315811191,7128,230,365,613740,573638,186.74577818347785,26.0,248.0,gamma(0.5,1.0),uniform,73,153,175,0.0,0.0,False,0.65,2,None,None
3,38.78178617475999,7128,230,365,142103,132593,39.871773288439954,33.0,46.0,uniform,gamma(0.5,1.0),53,115,105,0.0,0.0,False,0.45,1,None,None
4,50.516011417655406,7128,230,365,179912,167839,50.480359147025816,42.0,58.0,uniform,empirical,3,167,39,0.0,0.0,False,0.25,3,None,None
5,85.46874241400988,7128,230,365,546839,467798,155.44030699260944,47.0,215.0,gamma(1,2),gamma(0.5,1.0),93,64,40,0.0,0.0,False,0.9500000000000001,3,None,None
6,35.05381703761164,7128,230,365,170288,167646,47.80685008422235,26.0,64.0,gamma(3,1),empirical,119,19,10,0.0,0.0,False,0.7000000000000001,2,None,None
7,7.394773798825261,7128,230,365,36890,32527,10.472675656493967,6.0,14.0,uniform,gamma(0.5,1.0),153,103,98,0.0,0.0,False,0.05,2,None,None
8,29.735310103791132,7128,230,365,251936,241945,80.73577952251242,13.0,105.0,gamma(0.5,1.0),empirical,186,8,60,0.0,0.0,False,0.55,2,None,None
9,69.27901900879667,7128,230,365,662182,572939,204.88304455445544,16.0,312.0,empirical,empirical,53,127,184,0.0,0.0,False,0.5,3,None,None
10,23.842350488748902,7128,230,365,136887,121244,38.82768401645157,18.0,53.0,gamma(2,2),gamma(3,1),196,196,133,0.0,0.0,False,0.05,5,None,None
0,15.311421601764074,7128,230,365,87003,78866,24.6747022121384,13.0,33.0,gamma(3,1),empirical,25,3,185,0,0.0,False,0.15000000000000002,2,None,None
1,127.40454019843868,7128,230,365,412250,364298,115.6705948372615,103.0,128.0,uniform,gamma(3,1),98,84,46,0,0.0,False,0.9,2,None,None
2,127.476396265422,7128,230,365,405152,404865,113.67901234567901,103.0,124.0,uniform,gamma(2,2),137,151,196,0,0.0,False,0.75,1,None,None
3,10.898017821582844,7128,230,365,91616,81574,27.906183368869936,8.0,39.0,gamma(1,2),gamma(3,1),115,134,52,0,0.0,False,0.1,3,None,None
4,101.19649720537109,7128,230,365,496063,495978,139.28485188824934,66.0,189.0,gamma(2,2),gamma(0.5,1.0),130,93,17,0,0.0,False,0.5,5,None,None
0,107.18522868041637,7128,230,365,1098428,976821,325.9430267062315,22.0,455.25,empirical,gamma(3,1),98,98,29,0,0.0,False,1.0,5,None,None
1,21.949951291958644,7128,230,365,90539,76431,25.403759820426487,20.0,30.0,uniform,empirical,109,85,6,0,0.0,False,0.25,2,None,None
2,17.934697196124944,7128,230,365,102292,87293,28.88788477831121,15.0,38.0,gamma(3,1),gamma(3,1),198,146,28,0,0.0,False,0.1,3,None,None
3,68.16734355083246,7128,230,365,648399,606498,198.86489802177582,16.0,298.0,empirical,empirical,83,89,141,0,0.0,False,0.45,4,None,None
4,205.89947384595285,7128,230,365,1323844,1264546,373.4397743300423,105.0,512.0,gamma(1,2),gamma(1,2),114,1,172,0,0.0,False,1.0,4,None,None
5,22.63406890035568,7128,230,365,191419,187830,61.97798283956613,11.0,81.0,gamma(0.5,1.0),gamma(2,2),108,180,143,0,0.0,False,0.2,2,None,None
6,32.969534803994534,7128,230,365,318049,295618,102.59645161290322,9.0,150.0,empirical,gamma(0.5,1.0),43,143,91,0,0.0,False,1.0,1,None,None
7,1000000000.0,7128,230,365,0,0,0.0,0.0,0.0,gamma(3,1),gamma(0.5,1.0),106,89,122,0,0.0,False,0.5,0,None,None
8,67.71400780015732,7128,230,365,348649,319348,98.01771155468091,45.0,133.0,gamma(2,2),gamma(0.5,1.0),103,177,136,0,0.0,False,0.15000000000000002,5,None,None
9,72.98125355007394,7128,230,365,329715,329703,92.53859107493685,52.0,121.0,gamma(3,1),uniform,15,114,192,0,0.0,False,0.8,1,None,None
10,1000000000.0,7128,230,365,0,0,0.0,0.0,0.0,gamma(3,1),gamma(3,1),198,36,62,0,0.0,False,0.0,3,None,None
11,55.931893744779664,7128,230,365,194151,161161,54.475589225589225,47.0,62.0,uniform,empirical,182,136,2,0,0.0,False,0.35000000000000003,2,None,None
12,1000000000.0,7128,230,365,0,0,0.0,0.0,0.0,uniform,gamma(3,1),153,55,5,0,0.0,False,0.0,3,None,None
13,48.46365653346857,7128,230,365,171534,145848,48.129629629629626,41.0,55.0,uniform,empirical,153,153,48,0,0.0,False,0.25,2,None,None
14,63.000592275970554,7128,230,365,414550,364357,118.42593915154978,35.0,161.0,gamma(1,2),gamma(1,2),61,58,73,0,0.0,False,0.65,3,None,None
15,5.692604624606877,7128,230,365,35987,31088,14.432324042510528,4.0,19.0,gamma(0.5,1.0),uniform,149,196,32,0,0.0,False,0.1,1,None,None
16,1000000000.0,7128,230,365,0,0,0.0,0.0,0.0,gamma(0.5,1.0),uniform,152,194,44,0,0.0,False,0.1,0,None,None
17,15.031233432653325,7128,230,365,139709,119016,46.23829223895416,8.0,61.0,gamma(0.5,1.0),uniform,178,164,30,0,0.0,False,0.4,1,None,None
18,32.8397632825627,7128,230,365,278661,278615,88.16990982439488,14.0,116.0,gamma(0.5,1.0),uniform,133,200,83,0,0.0,False,0.65,1,None,None
19,1000000000.0,7128,230,365,0,0,0.0,0.0,0.0,gamma(0.5,1.0),uniform,172,171,115,0,0.0,False,0.35000000000000003,0,None,None
20,20.209705248248934,7128,230,365,177385,150884,57.592532467532465,10.0,77.0,gamma(0.5,1.0),uniform,133,121,31,0,0.0,False,0.65,1,None,None
21,22.543199107450036,7128,230,365,133572,114722,37.882019285309134,17.0,51.0,gamma(2,2),gamma(2,2),192,155,21,0,0.0,False,0.1,4,None,None
22,25.322999041092874,7128,230,365,132177,115663,37.232957746478874,20.0,50.0,gamma(3,1),gamma(3,1),171,163,54,0,0.0,False,0.35000000000000003,1,None,None
23,54.37279103008121,7128,230,365,475359,393495,146.21931713318978,21.0,194.0,gamma(0.5,1.0),uniform,200,128,23,0,0.0,False,0.5,3,None,None
24,5.702543877849857,7128,230,365,37953,32365,15.384272395622213,4.0,20.0,gamma(0.5,1.0),uniform,168,188,38,0,0.0,False,0.05,2,None,None
25,1000000000.0,7128,230,365,0,0,0.0,0.0,0.0,gamma(0.5,1.0),uniform,134,183,63,0,0.0,False,0.0,1,None,None
26,23.35166375739448,7128,230,365,200037,196245,64.81030293212376,11.0,85.0,gamma(0.5,1.0),uniform,166,194,46,0,0.0,False,0.25,2,None,None
27,1000000000.0,7128,230,365,0,0,0.0,0.0,0.0,gamma(0.5,1.0),uniform,149,163,104,0,0.0,False,0.4,0,None,None
28,6.955220207804398,7128,230,365,65159,57250,23.933516988062443,5.0,32.0,gamma(0.5,1.0),uniform,177,187,70,0,0.0,False,0.15000000000000002,1,None,None
29,5.591786141942157,7128,230,365,41366,37155,16.228324833267948,4.0,21.0,gamma(0.5,1.0),uniform,121,186,84,0,0.0,False,0.05,2,None,None
30,6.362060355643498,7128,230,365,40490,36311,12.243725430904142,5.0,17.0,gamma(2,2),gamma(1,2),80,199,85,0,0.0,False,0.05,2,None,None
31,6.359454286744439,7128,230,365,39073,35382,11.892558210318064,5.0,16.0,gamma(2,2),gamma(1,2),74,199,86,0,0.0,False,0.05,2,None,None
32,30.552482201801297,7128,230,365,171029,152443,48.26555665302667,22.0,65.0,gamma(2,2),gamma(1,2),120,182,99,0,0.0,False,0.2,2,None,None
33,5.506386663536706,7128,230,365,30284,26878,9.55632691700852,4.0,13.0,gamma(2,2),gamma(1,2),88,171,36,0,0.0,False,0.05,2,None,None
34,6.7276139469005045,7128,230,365,61168,54514,24.664516129032258,4.0,38.0,empirical,gamma(2,2),92,171,38,0,0.0,False,0.1,2,None,None
35,24.12934489023756,7128,230,365,172391,146218,50.58421361502347,15.0,69.0,gamma(1,2),gamma(1,2),139,103,13,0,0.0,False,0.25,3,None,None
36,5.269439566028503,7128,230,365,27180,27144,8.787584869059167,4.0,12.0,gamma(2,2),uniform,121,151,14,0,0.0,False,0.05,2,None,None
37,30.53275041367974,7128,230,365,165122,163144,46.71060820367751,22.0,63.0,gamma(2,2),gamma(1,2),122,147,18,0,0.0,False,0.15000000000000002,4,None,None
38,93.97789435734657,7128,230,365,461282,451528,129.55539952253898,62.0,175.0,gamma(2,2),empirical,96,172,0,0,0.0,False,0.9,2,None,None
39,13.714913805182299,7128,230,365,90600,90015,25.91162591162591,11.0,35.0,gamma(2,2),gamma(0.5,1.0),67,155,163,0,0.0,False,0.2,1,None,None
40,1000000000.0,7128,230,365,0,0,0.0,0.0,0.0,empirical,gamma(2,2),121,135,12,0,0.0,False,0.0,3,None,None
41,5.712678067569411,7128,230,365,31982,31911,13.404023470243084,4.0,18.0,gamma(0.5,1.0),uniform,90,187,36,0,0.0,False,0.05,2,None,None
42,6.114039039531574,7128,230,365,35966,35939,11.11433868974042,5.0,15.0,gamma(2,2),uniform,114,187,54,0,0.0,False,0.05,2,None,None
43,13.417693550130469,7128,230,365,99222,88502,30.199969563232386,10.0,42.0,gamma(1,2),uniform,144,173,27,0,0.0,False,0.15000000000000002,2,None,None
44,8.860836884600197,7128,230,365,81929,73893,28.939950547509714,6.0,38.0,gamma(0.5,1.0),uniform,57,163,37,0,0.0,False,0.1,3,None,None
45,8.55406895419193,7128,230,365,58479,58405,17.044301952783446,7.0,23.0,gamma(2,2),gamma(0.5,1.0),161,178,13,0,0.0,False,0.2,1,None,None
46,1000000000.0,7128,230,365,0,0,0.0,0.0,0.0,uniform,uniform,128,143,61,0,0.0,False,0.0,2,None,None
47,5.433333436425588,7128,230,365,27877,24174,13.655155522899829,3.0,20.0,empirical,gamma(3,1),103,2,74,0,0.0,False,0.05,3,None,None
48,22.381594641187366,7128,230,365,212736,184692,72.51951593659452,7.0,110.0,empirical,gamma(3,1),103,0,71,0,0.0,False,0.30000000000000004,4,None,None
49,11.129289420232336,7128,230,365,102888,102883,38.57817772778403,5.0,59.0,empirical,gamma(3,1),41,16,125,0,0.0,False,0.15000000000000002,3,None,None
