trial	score	n_ents	n_rels	n_tws	n_quads	n_unique_triples	avg_degree	deg_p25	deg_p75	real_n_ents	real_n_rels	real_n_tws	real_n_quads	real_n_unique_triples	real_avg_degree	real_deg_p25	real_deg_p75	relerr_n_ents	absdiff_n_ents	relerr_n_rels	absdiff_n_rels	relerr_n_tws	absdiff_n_tws	relerr_n_quads	absdiff_n_quads	relerr_n_unique_triples	absdiff_n_unique_triples	relerr_avg_degree	absdiff_avg_degree	relerr_deg_p25	absdiff_deg_p25	relerr_deg_p75	absdiff_deg_p75	pat_distr_ents	pat_distr_rels	cfg_n_ents	cfg_n_rels	cfg_n_tws	n_1_hop	n_2_hop	n_3_hop	rnd_avg_density	p_skip_consequence	use_force_distr	p_force	n_force	force_binom_n	force_binom_p
0	4.498055719199618	5895	207	365	12501	12501	4.241221374045802	2.0	6.0	7128	230	365	90730	50295	25.457351290684624	1.0	10.0	0.17297979797979798	-1233.0	0.1	-23.0	0.0	0.0	0.862217568610162	-78229.0	0.7514464658514763	-37794.0	0.833398953189692	-21.21612991663882	1.0	1.0	0.4	-4.0	uniform	uniform	7128	230	365	101	17	114	0	0	False	0.05	1	None	None
1	184.8648671049131	7128	177	365	571665	571127	160.39983164983164	148.0	173.0	7128	230	365	90730	50295	25.457351290684624	1.0	10.0	0.0	0.0	0.23043478260869565	-53.0	0.0	0.0	5.300727433043095	480935.0	10.355542300427478	520832.0	5.300727433043095	134.94248035914703	147.0	147.0	16.3	163.0	uniform	gamma(1,2)	7128	230	365	295	122	44	0	0	False	0.35000000000000003	4	None	None
2	35.84602572179557	7088	182	365	191197	188614	53.949492099322796	25.0	73.0	7128	230	365	90730	50295	25.457351290684624	1.0	10.0	0.005611672278338945	-40.0	0.20869565217391303	-48.0	0.0	0.0	1.1073184172820456	100467.0	2.750154090863903	138319.0	1.119210733406662	28.492140808638172	24.0	24.0	6.3	63.0	gamma(2,2)	gamma(3,1)	7128	230	365	211	73	30	0	0	False	0.35000000000000003	2	None	None
3	82.11066978011903	7128	220	365	269266	269261	75.55162738496072	67.0	84.0	7128	230	365	90730	50295	25.457351290684624	1.0	10.0	0.0	0.0	0.043478260869565216	-10.0	0.0	0.0	1.9677725118483411	178536.0	4.353633561984292	218966.0	1.9677725118483413	50.0942760942761	66.0	66.0	7.4	74.0	uniform	gamma(2,2)	7128	230	365	361	269	164	0	0	False	0.2	2	None	None
4	15.768520774197015	7128	153	365	66762	66761	18.732323232323232	14.0	22.0	7128	230	365	90730	50295	25.457351290684624	1.0	10.0	0.0	0.0	0.3347826086956522	-77.0	0.0	0.0	0.2641684117711892	-23968.0	0.3273884083904961	16466.0	0.26416841177118927	-6.725028058361392	13.0	13.0	1.2	12.0	uniform	gamma(0.5,1.0)	7128	230	365	253	69	54	0	0	False	0.1	2	None	None
5	122.56336229634681	7128	159	365	531360	531316	149.0909090909091	85.0	196.0	7128	230	365	90730	50295	25.457351290684624	1.0	10.0	0.0	0.0	0.30869565217391304	-71.0	0.0	0.0	4.85649729968037	440630.0	9.563992444576996	481021.0	4.85649729968037	123.63355780022447	84.0	84.0	18.6	186.0	gamma(3,1)	gamma(0.5,1.0)	7128	230	365	316	34	24	0	0	False	0.9500000000000001	3	None	None
6	251.94880543854853	7128	180	365	774985	754829	217.44809203142538	201.0	233.0	7128	230	365	90730	50295	25.457351290684624	1.0	10.0	0.0	0.0	0.21739130434782608	-50.0	0.0	0.0	7.541662074286344	684255.0	14.008032607615071	704534.0	7.541662074286345	191.99074074074076	200.0	200.0	22.3	223.0	uniform	empirical	7128	230	365	59	280	118	0	0	False	0.7500000000000001	2	None	None
7	68.25817840906822	7020	213	365	448371	448012	127.74102564102564	36.0	179.25	7128	230	365	90730	50295	25.457351290684624	1.0	10.0	0.015151515151515152	-108.0	0.07391304347826087	-17.0	0.0	0.0	3.9418163782651825	357641.0	7.907684660503032	397717.0	4.0178443225461855	102.28367435034102	35.0	35.0	16.925	169.25	gamma(1,2)	gamma(2,2)	7128	230	365	254	298	14	0	0	False	0.8500000000000001	1	None	None
8	28.409795787178837	6105	179	365	266556	266493	87.32383292383292	8.0	130.0	7128	230	365	90730	50295	25.457351290684624	1.0	10.0	0.14351851851851852	-1023.0	0.2217391304347826	-51.0	0.0	0.0	1.9379036702303538	175826.0	4.298598270205786	216198.0	2.430201041998683	61.8664816331483	7.0	7.0	12.0	120.0	empirical	gamma(1,2)	7128	230	365	25	221	128	0	0	False	0.15000000000000002	4	None	None
9	135.80492319390132	7122	230	365	656422	656359	184.33642235327156	88.0	249.0	7128	230	365	90730	50295	25.457351290684624	1.0	10.0	0.0008417508417508417	-6.0	0.0	0.0	0.0	0.0	6.234894742643006	565692.0	12.050183914902078	606064.0	6.240989851945992	158.87907106258695	87.0	87.0	23.9	239.0	gamma(2,2)	uniform	7128	230	365	327	105	10	0	0	False	0.7500000000000001	3	None	None
10	178.44668949821371	6768	228	365	1536211	1535051	453.96306146572107	58.0	597.25	7128	230	365	90730	50295	25.457351290684624	1.0	10.0	0.050505050505050504	-360.0	0.008695652173913044	-2.0	0.0	0.0	15.93167640251295	1445481.0	29.520946416144746	1484756.0	16.832297487753003	428.5057101750364	57.0	57.0	58.725	587.25	gamma(0.5,1.0)	uniform	7128	230	365	122	182	189	0	0	False	0.55	5	None	None
11	4.819767736147292	5889	136	365	12222	12222	4.15078960774325	2.0	6.0	7128	230	365	90730	50295	25.457351290684624	1.0	10.0	0.17382154882154882	-1239.0	0.40869565217391307	-94.0	0.0	0.0	0.8652926264741541	-78508.0	0.7569937369519834	-38073.0	0.8369512381572034	-21.306561682941375	1.0	1.0	0.4	-4.0	uniform	gamma(0.5,1.0)	7128	230	365	137	31	77	0	0	False	0.05	1	None	None
12	4.956034195686217	5689	118	365	11376	11361	3.999296888732642	2.0	6.0	7128	230	365	90730	50295	25.457351290684624	1.0	10.0	0.20187991021324356	-1439.0	0.48695652173913045	-112.0	0.0	0.0	0.8746169954810977	-79354.0	0.7741127348643007	-38934.0	0.8429020818754202	-21.458054401951983	1.0	1.0	0.4	-4.0	uniform	gamma(0.5,1.0)	7128	230	365	125	19	81	0	0	False	0.05	1	None	None
13	12.018497800195629	7052	187	365	68933	68933	19.549914917753828	10.0	26.0	7128	230	365	90730	50295	25.457351290684624	1.0	10.0	0.010662177328843996	-76.0	0.18695652173913044	-43.0	0.0	0.0	0.2402402733384768	-21797.0	0.37057361566756136	18638.0	0.2320522785531286	-5.907436372930796	9.0	9.0	1.6	16.0	gamma(3,1)	uniform	7128	230	365	125	16	83	0	0	False	0.3	1	None	None
14	23.858336998218718	6206	207	365	200893	200863	64.7415404447309	11.0	85.0	7128	230	365	90730	50295	25.457351290684624	1.0	10.0	0.12934904601571268	-922.0	0.1	-23.0	0.0	0.0	1.2141849443403505	110163.0	2.9936971865990656	150568.0	1.543137332139545	39.284189154046274	10.0	10.0	7.5	75.0	gamma(0.5,1.0)	gamma(3,1)	7128	230	365	169	63	147	0	0	False	0.5	1	None	None
15	8.827061715351254	5213	168	365	84043	84037	32.24362171494341	4.0	49.0	7128	230	365	90730	50295	25.457351290684624	1.0	10.0	0.268658810325477	-1915.0	0.26956521739130435	-62.0	0.0	0.0	0.07370219332084206	-6687.0	0.6708817973953674	33742.0	0.2665740966831071	6.786270424258785	3.0	3.0	3.9	39.0	empirical	empirical	7128	230	365	63	145	91	0	0	False	0.25	1	None	None
16	5.743258574742543	5667	210	365	27401	27401	9.670372331039351	4.0	13.0	7128	230	365	90730	50295	25.457351290684624	1.0	10.0	0.20496632996632996	-1461.0	0.08695652173913043	-20.0	0.0	0.0	0.6979940482751019	-63329.0	0.4551943533154389	-22894.0	0.6201343878780531	-15.786978959645273	3.0	3.0	0.3	3.0	gamma(1,2)	uniform	7128	230	365	176	51	65	0	0	False	0.05	2	None	None
17	144.56595681621957	7128	147	365	453847	453805	127.34203142536475	116.0	138.0	7128	230	365	90730	50295	25.457351290684624	1.0	10.0	0.0	0.0	0.36086956521739133	-83.0	0.0	0.0	4.002171277416511	363117.0	8.022865095933989	403510.0	4.00217127741651	101.88468013468012	115.0	115.0	12.8	128.0	uniform	gamma(0.5,1.0)	7128	230	365	105	90	113	0	0	False	0.45	3	None	None
18	423.1603570698724	7128	227	365	1271019	1270094	356.6271043771044	337.0	375.0	7128	230	365	90730	50295	25.457351290684624	1.0	10.0	0.0	0.0	0.013043478260869565	-3.0	0.0	0.0	13.008806348506559	1180289.0	24.252887961029924	1219799.0	13.008806348506557	331.16975308641975	336.0	336.0	36.5	365.0	uniform	uniform	7128	230	365	178	187	145	0	0	False	0.6000000000000001	4	None	None
19	15.823829162797754	7128	139	365	67307	67166	18.885241301907968	14.0	22.0	7128	230	365	90730	50295	25.457351290684624	1.0	10.0	0.0	0.0	0.39565217391304347	-91.0	0.0	0.0	0.2581615783092693	-23423.0	0.3354408986976837	16871.0	0.2581615783092693	-6.572109988776656	13.0	13.0	1.2	12.0	uniform	gamma(0.5,1.0)	7128	230	365	71	127	102	0	0	False	0.2	1	None	None
20	50.83171122495092	6993	149	365	329470	329434	94.22851422851423	28.0	132.0	7128	230	365	90730	50295	25.457351290684624	1.0	10.0	0.01893939393939394	-135.0	0.3521739130434783	-81.0	0.0	0.0	2.631323707704177	238740.0	5.550034794711204	279139.0	2.7014264819841807	68.7711629378296	27.0	27.0	12.2	122.0	gamma(1,2)	gamma(3,1)	7128	230	365	15	47	71	0	0	False	0.4	5	None	None
21	4.8535126159523285	5891	126	365	12387	12376	4.205398064844679	2.0	6.0	7128	230	365	90730	50295	25.457351290684624	1.0	10.0	0.17354096520763188	-1237.0	0.45217391304347826	-104.0	0.0	0.0	0.8634740438664168	-78343.0	0.7539318023660404	-37919.0	0.8348061423662908	-21.251953225839944	1.0	1.0	0.4	-4.0	uniform	gamma(0.5,1.0)	7128	230	365	145	18	88	0	0	False	0.05	1	None	None
22	4.710635817652383	6056	144	365	13485	13485	4.453434610303831	2.0	6.0	7128	230	365	90730	50295	25.457351290684624	1.0	10.0	0.15039281705948374	-1072.0	0.3739130434782609	-86.0	0.0	0.0	0.8513722032403835	-77245.0	0.7318818968088279	-36810.0	0.8250629234969376	-21.003916680380794	1.0	1.0	0.4	-4.0	uniform	gamma(0.5,1.0)	7128	230	365	149	13	100	0	0	False	0.05	1	None	None
23	29.958358078158387	7128	143	365	109767	109766	30.79882154882155	26.0	36.0	7128	230	365	90730	50295	25.457351290684624	1.0	10.0	0.0	0.0	0.3782608695652174	-87.0	0.0	0.0	0.2098203460817811	19037.0	1.1824435828611195	59471.0	0.20982034608178116	5.341470258136926	25.0	25.0	2.6	26.0	uniform	gamma(0.5,1.0)	7128	230	365	217	11	138	0	0	False	0.15000000000000002	2	None	None
24	9.541323023637041	7103	133	365	39603	39603	11.151062931155849	8.0	14.0	7128	230	365	90730	50295	25.457351290684624	1.0	10.0	0.0035072951739618407	-25.0	0.4217391304347826	-97.0	0.0	0.0	0.5635071090047393	-51127.0	0.21258574410975245	-10692.0	0.5619708113453163	-14.306288359528775	7.0	7.0	0.4	4.0	uniform	gamma(0.5,1.0)	7128	230	365	90	41	108	0	0	False	0.15000000000000002	1	None	None
25	25.27389486813874	5975	182	365	226759	226200	75.90259414225942	8.0	115.5	7128	230	365	90730	50295	25.457351290684624	1.0	10.0	0.1617564534231201	-1153.0	0.20869565217391303	-48.0	0.0	0.0	1.4992725669569051	136029.0	3.497464956755145	175905.0	1.981558971927836	50.44524285157479	7.0	7.0	10.55	105.5	empirical	gamma(1,2)	7128	230	365	150	90	171	0	0	False	0.25	2	None	None
26	4.452430504267851	5702	177	365	14683	14683	5.150122763942476	2.0	7.0	7128	230	365	90730	50295	25.457351290684624	1.0	10.0	0.2000561167227834	-1426.0	0.23043478260869565	-53.0	0.0	0.0	0.8381681913369338	-76047.0	0.7080624316532459	-35612.0	0.7976960483777032	-20.307228526742147	1.0	1.0	0.3	-3.0	gamma(3,1)	empirical	7128	230	365	240	36	98	0	0	False	0.05	1	None	None
27	36.23781746621827	7120	183	365	172976	172975	48.58876404494382	27.0	64.0	7128	230	365	90730	50295	25.457351290684624	1.0	10.0	0.001122334455667789	-8.0	0.20434782608695654	-47.0	0.0	0.0	0.9064917888239833	82246.0	2.439208668853763	122680.0	0.9086339144294036	23.1314127542592	26.0	26.0	5.4	54.0	gamma(3,1)	empirical	7128	230	365	236	84	125	0	0	False	0.15000000000000002	3	None	None
28	45.62528973086561	7124	189	365	216267	216261	60.715047725996634	33.0	80.0	7128	230	365	90730	50295	25.457351290684624	1.0	10.0	0.0005611672278338945	-4.0	0.1782608695652174	-41.0	0.0	0.0	1.3836327565303648	125537.0	3.299850879809126	165966.0	1.3849711241645764	35.25769643531201	32.0	32.0	7.0	70.0	gamma(3,1)	empirical	7128	230	365	393	51	100	0	0	False	0.6500000000000001	1	None	None
29	36.69316828220469	7119	167	365	177397	177394	49.83761764292738	27.0	66.0	7128	230	365	90730	50295	25.457351290684624	1.0	10.0	0.0012626262626262627	-9.0	0.27391304347826084	-63.0	0.0	0.0	0.9552187809985672	86667.0	2.527070285316632	127099.0	0.9576906125801077	24.380266352242753	26.0	26.0	5.6	56.0	gamma(3,1)	empirical	7128	230	365	190	113	47	0	0	False	0.3	2	None	None
30	5.9034441277318725	5201	213	365	43873	43870	16.87098634877908	4.0	22.0	7128	230	365	90730	50295	25.457351290684624	1.0	10.0	0.2703423120089787	-1927.0	0.07391304347826087	-17.0	0.0	0.0	0.5164443954590543	-46857.0	0.1277462968485933	-6425.0	0.3372843012559391	-8.586364941905543	3.0	3.0	1.2	12.0	gamma(0.5,1.0)	gamma(2,2)	7128	230	365	267	137	98	0	0	False	0.1	1	None	None
31	4.6820731527719275	5949	160	365	12833	12814	4.314338544293158	2.0	6.0	7128	230	365	90730	50295	25.457351290684624	1.0	10.0	0.16540404040404041	-1179.0	0.30434782608695654	-70.0	0.0	0.0	0.8585583599691392	-77897.0	0.7452231832190078	-37481.0	0.8305268095242939	-21.143012746391467	1.0	1.0	0.4	-4.0	uniform	gamma(1,2)	7128	230	365	151	35	73	0	0	False	0.05	1	None	None
32	4.7616186307907755	6125	168	365	23477	23477	7.665959183673469	3.0	10.0	7128	230	365	90730	50295	25.457351290684624	1.0	10.0	0.14071268237934906	-1003.0	0.26956521739130435	-62.0	0.0	0.0	0.7412432492009258	-67253.0	0.5332140371806342	-26818.0	0.6988705110700734	-17.791392107011156	2.0	2.0	0.0	0.0	gamma(2,2)	gamma(1,2)	7128	230	365	202	32	61	0	0	False	0.1	1	None	None
33	30.469102488497125	7114	188	365	150435	150279	42.292662355917905	23.0	56.0	7128	230	365	90730	50295	25.457351290684624	1.0	10.0	0.001964085297418631	-14.0	0.1826086956521739	-42.0	0.0	0.0	0.6580513611815276	59705.0	1.9879510885773934	99984.0	0.6613143242201192	16.83531106523328	22.0	22.0	4.6	46.0	gamma(3,1)	gamma(1,2)	7128	230	365	224	61	133	0	0	False	0.2	2	None	None
34	22.472361026558904	7128	157	365	89425	88683	25.091189674523008	20.0	30.0	7128	230	365	90730	50295	25.457351290684624	1.0	10.0	0.0	0.0	0.3173913043478261	-73.0	0.0	0.0	0.014383335170285462	-1305.0	0.7632567849686848	38388.0	0.014383335170285453	-0.3661616161616159	19.0	19.0	2.0	20.0	uniform	gamma(1,2)	7128	230	365	159	74	41	0	0	False	0.35000000000000003	1	None	None
35	8.832108393344598	6793	149	365	53647	53647	15.79478875312822	7.0	22.0	7128	230	365	90730	50295	25.457351290684624	1.0	10.0	0.046997755331088666	-335.0	0.3521739130434783	-81.0	0.0	0.0	0.4087181748043646	-37083.0	0.06664678397455015	3352.0	0.37955883262262785	-9.662562537556404	6.0	6.0	1.2	12.0	gamma(2,2)	empirical	7128	230	365	93	33	115	0	0	False	0.1	2	None	None
36	91.1353826612323	7128	221	365	298228	294881	83.67789001122334	74.0	93.0	7128	230	365	90730	50295	25.457351290684624	1.0	10.0	0.0	0.0	0.0391304347826087	-9.0	0.0	0.0	2.286983357213711	207498.0	4.863028134009345	244586.0	2.286983357213711	58.22053872053871	73.0	73.0	8.3	83.0	uniform	gamma(3,1)	7128	230	365	281	234	95	0	0	False	0.25	2	None	None
37	5.616936287668002	6893	199	365	24318	24304	7.055853764688814	4.0	9.0	7128	230	365	90730	50295	25.457351290684624	1.0	10.0	0.032968574635241304	-235.0	0.13478260869565217	-31.0	0.0	0.0	0.731973988757853	-66412.0	0.5167710508002784	-25991.0	0.7228362965132707	-18.401497525995808	3.0	3.0	0.1	-1.0	uniform	gamma(2,2)	7128	230	365	104	167	158	0	0	False	0.05	1	None	None
38	223.9893447633203	7128	157	365	960084	900950	269.3838383838384	154.0	353.0	7128	230	365	90730	50295	25.457351290684624	1.0	10.0	0.0	0.0	0.3173913043478261	-73.0	0.0	0.0	9.581770087071531	869354.0	16.913311462372004	850655.0	9.581770087071531	243.92648709315378	153.0	153.0	34.3	343.0	gamma(3,1)	gamma(1,2)	7128	230	365	239	12	39	0	0	False	1.0	4	None	None
39	19.02563684998507	7128	180	365	76192	76032	21.378226711560046	17.0	26.0	7128	230	365	90730	50295	25.457351290684624	1.0	10.0	0.0	0.0	0.21739130434782608	-50.0	0.0	0.0	0.1602336603108123	-14538.0	0.5117208470026842	25737.0	0.16023366031081224	-4.079124579124578	16.0	16.0	1.6	16.0	uniform	uniform	7128	230	365	39	75	55	0	0	False	0.2	2	None	None
40	16.215892942072024	6658	174	365	114073	112769	34.26644638029438	11.0	47.0	7128	230	365	90730	50295	25.457351290684624	1.0	10.0	0.06593714927048261	-470.0	0.24347826086956523	-56.0	0.0	0.0	0.25727984128733605	23343.0	1.2421513072870067	62474.0	0.34603344978914563	8.809095089609759	10.0	10.0	3.7	37.0	gamma(1,2)	empirical	7128	230	365	195	58	123	0	0	False	0.1	3	None	None
41	4.759215699500758	6131	169	365	23420	23420	7.639862991355407	3.0	10.0	7128	230	365	90730	50295	25.457351290684624	1.0	10.0	0.1398709315375982	-997.0	0.26521739130434785	-61.0	0.0	0.0	0.7418714868290532	-67310.0	0.5343473506312755	-26875.0	0.6998956056299936	-17.817488299329217	2.0	2.0	0.0	0.0	gamma(2,2)	gamma(1,2)	7128	230	365	204	30	62	0	0	False	0.1	1	None	None
42	6.607812784723869	6635	189	365	40183	40183	12.11243406179352	5.0	17.0	7128	230	365	90730	50295	25.457351290684624	1.0	10.0	0.0691638608305275	-493.0	0.1782608695652174	-41.0	0.0	0.0	0.5571145155957236	-50547.0	0.20105378268217516	-10112.0	0.5242068224817359	-13.344917228891104	4.0	4.0	0.7	7.0	gamma(2,2)	gamma(1,2)	7128	230	365	320	28	73	0	0	False	0.15000000000000002	1	None	None
43	4.789248306591044	4821	186	365	10672	10672	4.427297241236258	2.0	6.0	7128	230	365	90730	50295	25.457351290684624	1.0	10.0	0.32365319865319864	-2307.0	0.19130434782608696	-44.0	0.0	0.0	0.8823762812741099	-80058.0	0.7878119097325778	-39623.0	0.8260896355365809	-21.030054049448367	1.0	1.0	0.4	-4.0	gamma(2,2)	gamma(1,2)	7128	230	365	295	42	31	0	0	False	0.05	1	None	None
44	5.691366709265925	6405	180	365	30240	30240	9.442622950819672	4.0	13.0	7128	230	365	90730	50295	25.457351290684624	1.0	10.0	0.10143097643097643	-723.0	0.21739130434782608	-50.0	0.0	0.0	0.6667034057092472	-60490.0	0.3987473903966597	-20055.0	0.6290806988127267	-16.014728339864952	3.0	3.0	0.3	3.0	gamma(2,2)	gamma(1,2)	7128	230	365	211	30	109	0	0	False	0.1	1	None	None
45	7.171912402250094	4968	205	365	60092	60091	24.191626409017715	4.0	38.0	7128	230	365	90730	50295	25.457351290684624	1.0	10.0	0.30303030303030304	-2160.0	0.10869565217391304	-25.0	0.0	0.0	0.3376832359748705	-30638.0	0.1947708519733572	9796.0	0.04971942552916195	-1.2657248816669089	3.0	3.0	2.8	28.0	empirical	uniform	7128	230	365	136	100	64	0	0	False	0.2	1	None	None
46	4.733132157789113	3697	162	365	11924	11923	6.450635650527455	2.0	8.0	7128	230	365	90730	50295	25.457351290684624	1.0	10.0	0.481341189674523	-3431.0	0.2956521739130435	-68.0	0.0	0.0	0.8685770968808553	-78806.0	0.7629386618948205	-38372.0	0.7466101018573806	-19.006715640157168	1.0	1.0	0.2	-2.0	gamma(0.5,1.0)	gamma(1,2)	7128	230	365	164	10	85	0	0	False	0.05	1	None	None
47	4.3339456593172745	4474	164	365	22251	22250	9.946803755029057	2.0	13.75	7128	230	365	90730	50295	25.457351290684624	1.0	10.0	0.372334455667789	-2654.0	0.28695652173913044	-66.0	0.0	0.0	0.7547558690620523	-68479.0	0.5576101004075952	-28045.0	0.6092757788722191	-15.510547535655567	1.0	1.0	0.375	3.75	gamma(0.5,1.0)	gamma(2,2)	7128	230	365	115	10	85	0	0	False	0.05	2	None	None
48	45.32512294541292	6481	169	365	376363	376261	116.14349637401635	18.0	154.0	7128	230	365	90730	50295	25.457351290684624	1.0	10.0	0.09076879910213244	-647.0	0.26521739130434785	-61.0	0.0	0.0	3.1481648848231014	285633.0	6.481081618451138	325966.0	3.5622773181637193	90.68614508333172	17.0	17.0	14.4	144.0	gamma(0.5,1.0)	gamma(2,2)	7128	230	365	115	24	77	0	0	False	0.8500000000000001	2	None	None
49	8.91328478057208	5557	172	365	72300	72295	26.02123447903545	6.0	34.0	7128	230	365	90730	50295	25.457351290684624	1.0	10.0	0.22039842873176207	-1571.0	0.25217391304347825	-58.0	0.0	0.0	0.20313016642786288	-18430.0	0.43741922656327664	22000.0	0.022150112237213065	0.5638831883508253	5.0	5.0	2.4	24.0	gamma(0.5,1.0)	gamma(2,2)	7128	230	365	84	44	90	0	0	False	0.15000000000000002	2	None	None
50	6.120396023144011	4743	203	365	27589	27589	11.633565254058613	4.0	16.0	7128	230	365	90730	50295	25.457351290684624	1.0	10.0	0.3345959595959596	-2385.0	0.11739130434782609	-27.0	0.0	0.0	0.695921966273559	-63141.0	0.45145640719753455	-22706.0	0.5430174521606426	-13.82378603662601	3.0	3.0	0.6	6.0	gamma(0.5,1.0)	uniform	7128	230	365	56	64	120	0	0	False	0.05	2	None	None
51	4.649406692718012	3720	176	365	12309	12283	6.617741935483871	2.0	8.0	7128	230	365	90730	50295	25.457351290684624	1.0	10.0	0.4781144781144781	-3408.0	0.23478260869565218	-54.0	0.0	0.0	0.8643337374628017	-78421.0	0.7557808927328761	-38012.0	0.7400459356545298	-18.839609355200754	1.0	1.0	0.2	-2.0	gamma(0.5,1.0)	gamma(2,2)	7128	230	365	160	10	83	0	0	False	0.05	1	None	None
52	4.555621045943742	3887	182	365	13416	13416	6.903010033444816	2.0	8.0	7128	230	365	90730	50295	25.457351290684624	1.0	10.0	0.45468574635241304	-3241.0	0.20869565217391303	-48.0	0.0	0.0	0.852132701421801	-77314.0	0.7332538025648673	-36879.0	0.7288402098622582	-18.55434125723981	1.0	1.0	0.2	-2.0	gamma(0.5,1.0)	gamma(2,2)	7128	230	365	136	22	104	0	0	False	0.05	1	None	None
53	6.257223422564809	4468	176	365	23279	23279	10.420322291853179	4.0	14.0	7128	230	365	90730	50295	25.457351290684624	1.0	10.0	0.37317620650953987	-2660.0	0.23478260869565218	-54.0	0.0	0.0	0.7434255483302105	-67451.0	0.5371508102197038	-27016.0	0.5906753152412132	-15.037028998831445	3.0	3.0	0.4	4.0	gamma(0.5,1.0)	gamma(2,2)	7128	230	365	124	23	82	0	0	False	0.1	1	None	None
54	8.602145658699026	5579	192	365	68639	68637	24.60620182828464	6.0	32.0	7128	230	365	90730	50295	25.457351290684624	1.0	10.0	0.21731200897867564	-1549.0	0.16521739130434782	-38.0	0.0	0.0	0.24348065689408133	-22091.0	0.36468833880107365	18342.0	0.03343432915235914	-0.8511494623999845	5.0	5.0	2.2	22.0	gamma(0.5,1.0)	gamma(2,2)	7128	230	365	187	53	106	0	0	False	0.2	1	None	None
55	4.772006948900065	3660	165	365	10987	10975	6.003825136612022	2.0	8.0	7128	230	365	90730	50295	25.457351290684624	1.0	10.0	0.48653198653198654	-3468.0	0.2826086956521739	-65.0	0.0	0.0	0.878904441750248	-79743.0	0.7817874540212745	-39320.0	0.7641614373758928	-19.453526154072602	1.0	1.0	0.2	-2.0	gamma(0.5,1.0)	gamma(2,2)	7128	230	365	106	40	70	0	0	False	0.05	1	None	None
56	9.403226561251502	5597	175	365	77494	77387	27.691263176701806	6.0	38.0	7128	230	365	90730	50295	25.457351290684624	1.0	10.0	0.21478675645342313	-1531.0	0.2391304347826087	-55.0	0.0	0.0	0.14588339027884933	-13236.0	0.5386618948205587	27092.0	0.08775115134757233	2.2339118860171823	5.0	5.0	2.8	28.0	gamma(0.5,1.0)	gamma(2,2)	7128	230	365	143	20	93	0	0	False	0.3	1	None	None
57	15.903080815282078	5983	207	365	137724	137709	46.038442253050306	8.0	62.0	7128	230	365	90730	50295	25.457351290684624	1.0	10.0	0.1606341189674523	-1145.0	0.1	-23.0	0.0	0.0	0.5179543701091149	46994.0	1.7380256486728303	87414.0	0.8084537439641937	20.581090962365682	7.0	7.0	5.2	52.0	gamma(0.5,1.0)	gamma(2,2)	7128	230	365	75	222	115	0	0	False	0.15000000000000002	2	None	None
58	6.121482530343742	4659	179	365	25638	25638	11.005795235028977	4.0	14.0	7128	230	365	90730	50295	25.457351290684624	1.0	10.0	0.3463804713804714	-2469.0	0.2217391304347826	-51.0	0.0	0.0	0.717425327895955	-65092.0	0.4902475395168506	-24657.0	0.567677127547192	-14.451556055655647	3.0	3.0	0.4	4.0	gamma(0.5,1.0)	gamma(2,2)	7128	230	365	134	38	80	0	0	False	0.1	1	None	None
59	3.8964121030867847	5215	193	365	19801	19784	7.593863854266539	2.0	10.0	7128	230	365	90730	50295	25.457351290684624	1.0	10.0	0.26837822671156003	-1913.0	0.1608695652173913	-37.0	0.0	0.0	0.7817590653587567	-70929.0	0.6066408191669151	-30511.0	0.7017025154126976	-17.863487436418083	1.0	1.0	0.0	0.0	gamma(1,2)	gamma(2,2)	7128	230	365	176	78	131	0	0	False	0.05	1	None	None
60	137.32680146895447	7085	202	365	865054	864809	244.19308398023995	72.0	335.0	7128	230	365	90730	50295	25.457351290684624	1.0	10.0	0.006032547699214366	-43.0	0.12173913043478261	-28.0	0.0	0.0	8.534376722142621	774324.0	16.194731086589123	814514.0	8.592242381853579	218.73573268955533	71.0	71.0	32.5	325.0	gamma(1,2)	gamma(2,2)	7128	230	365	178	73	141	0	0	False	0.7000000000000001	3	None	None
61	4.303524420661951	4872	198	365	15525	15524	6.373152709359606	2.0	8.0	7128	230	365	90730	50295	25.457351290684624	1.0	10.0	0.3164983164983165	-2256.0	0.1391304347826087	-32.0	0.0	0.0	0.8288879091810868	-75205.0	0.6913410875832587	-34771.0	0.749653739048191	-19.08419858132502	1.0	1.0	0.2	-2.0	gamma(1,2)	gamma(2,2)	7128	230	365	159	10	130	0	0	False	0.05	1	None	None
62	7.772014026951557	6230	194	365	47992	47989	15.406741573033708	6.0	22.0	7128	230	365	90730	50295	25.457351290684624	1.0	10.0	0.12598204264870932	-898.0	0.1565217391304348	-36.0	0.0	0.0	0.47104596054226827	-42738.0	0.045849488020678	-2306.0	0.39480186304097725	-10.050609717650916	5.0	5.0	1.2	12.0	gamma(1,2)	gamma(2,2)	7128	230	365	165	10	133	0	0	False	0.15000000000000002	1	None	None
63	5.870341474685563	5739	186	365	29014	29014	10.11116919323924	4.0	14.0	7128	230	365	90730	50295	25.457351290684624	1.0	10.0	0.19486531986531985	-1389.0	0.19130434782608696	-44.0	0.0	0.0	0.6802160255703736	-61716.0	0.4231235709315041	-21281.0	0.6028192769237887	-15.346182097445384	3.0	3.0	0.4	4.0	gamma(1,2)	gamma(2,2)	7128	230	365	110	20	131	0	0	False	0.1	1	None	None
64	5.850653381242163	5538	202	365	23778	23778	8.587215601300109	4.0	12.0	7128	230	365	90730	50295	25.457351290684624	1.0	10.0	0.22306397306397308	-1590.0	0.12173913043478261	-28.0	0.0	0.0	0.7379257136559021	-66952.0	0.5272293468535639	-26517.0	0.6626822836654515	-16.870135689384515	3.0	3.0	0.2	2.0	gamma(1,2)	gamma(2,2)	7128	230	365	258	52	160	0	0	False	0.05	1	None	None
65	7.6553452330067255	6267	196	365	51991	51990	16.591989787777244	6.0	22.0	7128	230	365	90730	50295	25.457351290684624	1.0	10.0	0.1207912457912458	-861.0	0.14782608695652175	-34.0	0.0	0.0	0.426970131158382	-38739.0	0.03370116313748882	1695.0	0.3482436723945983	-8.86536150290738	5.0	5.0	1.2	12.0	gamma(1,2)	gamma(2,2)	7128	230	365	130	24	154	0	0	False	0.15000000000000002	1	None	None
66	27.547125557124986	6882	202	365	194070	194060	56.399302528334786	16.0	78.0	7128	230	365	90730	50295	25.457351290684624	1.0	10.0	0.034511784511784514	-246.0	0.12173913043478261	-28.0	0.0	0.0	1.138983798082222	103340.0	2.8584352321304305	143765.0	1.2154426783972796	30.941951237650162	15.0	15.0	6.8	68.0	gamma(1,2)	gamma(3,1)	7128	230	365	155	21	175	0	0	False	0.5	1	None	None
67	16.762678990611462	7072	208	365	92380	92378	26.125565610859727	14.0	34.0	7128	230	365	90730	50295	25.457351290684624	1.0	10.0	0.007856341189674524	-56.0	0.09565217391304348	-22.0	0.0	0.0	0.018185826077372423	1650.0	0.8367233323391987	42083.0	0.026248383523686407	0.6682143201751032	13.0	13.0	2.4	24.0	gamma(3,1)	gamma(2,2)	7128	230	365	226	50	107	0	0	False	0.25	1	None	None
68	7.223974833555351	4979	189	365	62691	62686	25.182165093392246	4.0	38.0	7128	230	365	90730	50295	25.457351290684624	1.0	10.0	0.3014870931537598	-2149.0	0.1782608695652174	-41.0	0.0	0.0	0.3090378044748154	-28039.0	0.24636643801570732	12391.0	0.010809694777361777	-0.2751861972923777	3.0	3.0	2.8	28.0	empirical	empirical	7128	230	365	175	299	124	0	0	False	0.05	2	None	None
69	5.6077478386471125	5806	211	365	32369	32369	11.150189459180158	4.0	14.0	7128	230	365	90730	50295	25.457351290684624	1.0	10.0	0.18546576879910212	-1322.0	0.08260869565217391	-19.0	0.0	0.0	0.6432381792130497	-58361.0	0.35641713888060444	-17926.0	0.5620051225336925	-14.307161831504466	3.0	3.0	0.4	4.0	gamma(1,2)	uniform	7128	230	365	94	85	112	0	0	False	0.1	1	None	None
70	112.51961193352675	7126	212	365	493022	492618	138.3727196182992	78.0	184.0	7128	230	365	90730	50295	25.457351290684624	1.0	10.0	0.0002805836139169473	-2.0	0.0782608695652174	-18.0	0.0	0.0	4.433946875344429	402292.0	8.794572025052192	442323.0	4.4354719797158415	112.91536832761456	77.0	77.0	17.4	174.0	gamma(3,1)	gamma(2,2)	7128	230	365	347	38	140	0	0	False	0.2	5	None	None
71	4.59675647414649	5964	177	365	13055	13033	4.377934272300469	2.0	6.0	7128	230	365	90730	50295	25.457351290684624	1.0	10.0	0.1632996632996633	-1164.0	0.23043478260869565	-53.0	0.0	0.0	0.8561115397332746	-77675.0	0.7408688736454916	-37262.0	0.8280286812908755	-21.079417018384156	1.0	1.0	0.4	-4.0	uniform	gamma(2,2)	7128	230	365	149	10	97	0	0	False	0.05	1	None	None
72	4.27812686281399	3997	184	365	14611	14599	7.310983237428071	2.0	10.0	7128	230	365	90730	50295	25.457351290684624	1.0	10.0	0.43925364758698093	-3131.0	0.2	-46.0	0.0	0.0	0.8389617546566737	-76119.0	0.7097325777910329	-35696.0	0.7128144576414235	-18.146368053256552	1.0	1.0	0.0	0.0	gamma(0.5,1.0)	gamma(2,2)	7128	230	365	181	10	101	0	0	False	0.05	1	None	None
73	7.555091999668241	7021	176	365	30235	30235	8.612733228884775	6.0	12.0	7128	230	365	90730	50295	25.457351290684624	1.0	10.0	0.015011223344556677	-107.0	0.23478260869565218	-54.0	0.0	0.0	0.666758514273118	-60495.0	0.39884680385724225	-20060.0	0.6616799159291817	-16.84461806179985	5.0	5.0	0.2	2.0	uniform	gamma(2,2)	7128	230	365	184	18	104	0	0	False	0.1	1	None	None
74	4.430897321066382	4771	187	365	14018	14017	5.876336197862083	2.0	8.0	7128	230	365	90730	50295	25.457351290684624	1.0	10.0	0.3306677890011223	-2357.0	0.18695652173913044	-43.0	0.0	0.0	0.8454976303317535	-76712.0	0.7213043046028432	-36278.0	0.7691693793763863	-19.58101509282254	1.0	1.0	0.2	-2.0	gamma(1,2)	gamma(2,2)	7128	230	365	114	27	118	0	0	False	0.05	1	None	None
75	25.044464976508813	6832	161	365	172871	172648	50.60626463700234	15.0	70.0	7128	230	365	90730	50295	25.457351290684624	1.0	10.0	0.04152637485970819	-296.0	0.3	-69.0	0.0	0.0	0.905334508982696	82141.0	2.432707028531663	122353.0	0.9878841305662552	25.148913346317716	14.0	14.0	6.0	60.0	gamma(1,2)	empirical	7128	230	365	119	29	117	0	0	False	0.15000000000000002	4	None	None
76	7.6155796190983045	6156	203	365	46173	46172	15.000974658869396	6.0	20.0	7128	230	365	90730	50295	25.457351290684624	1.0	10.0	0.13636363636363635	-972.0	0.11739130434782609	-27.0	0.0	0.0	0.4910944560784746	-44557.0	0.08197633959638136	-4123.0	0.4107409491434969	-10.456376631815228	5.0	5.0	1.0	10.0	gamma(1,2)	gamma(2,2)	7128	230	365	241	65	148	0	0	False	0.1	1	None	None
77	4.29832450343102	4823	210	365	14621	14621	6.0630313083143275	2.0	8.0	7128	230	365	90730	50295	25.457351290684624	1.0	10.0	0.3233726150392817	-2305.0	0.08695652173913043	-20.0	0.0	0.0	0.838851537528932	-76109.0	0.7092951585644697	-35674.0	0.7618357369907169	-19.3943199823703	1.0	1.0	0.2	-2.0	gamma(1,2)	uniform	7128	230	365	98	37	128	0	0	False	0.05	1	None	None
78	10.627131567880152	6522	197	365	79796	79794	24.46979454155167	8.0	32.75	7128	230	365	90730	50295	25.457351290684624	1.0	10.0	0.08501683501683502	-606.0	0.14347826086956522	-33.0	0.0	0.0	0.12051140747272127	-10934.0	0.5865195347450045	29499.0	0.038792596207537125	-0.9875567491329527	7.0	7.0	2.275	22.75	gamma(1,2)	uniform	7128	230	365	39	46	129	0	0	False	0.1	3	None	None
79	5.64897895327109	5619	226	365	25809	25792	9.186332087560064	4.0	12.0	7128	230	365	90730	50295	25.457351290684624	1.0	10.0	0.2117003367003367	-1509.0	0.017391304347826087	-4.0	0.0	0.0	0.7155406150115728	-64921.0	0.4871856049309076	-24503.0	0.6391481587119578	-16.27101920312456	3.0	3.0	0.2	2.0	gamma(1,2)	uniform	7128	230	365	76	269	120	0	0	False	0.05	1	None	None
80	11.260441975783106	6575	200	365	90075	90074	27.399239543726235	8.0	38.0	7128	230	365	90730	50295	25.457351290684624	1.0	10.0	0.07758136924803591	-553.0	0.13043478260869565	-30.0	0.0	0.0	0.007219221867078144	-655.0	0.7909136097027537	39779.0	0.0762800587880558	1.9418882530416113	7.0	7.0	2.8	28.0	gamma(1,2)	uniform	7128	230	365	98	34	134	0	0	False	0.15000000000000002	2	None	None
81	4.301495622591562	4779	213	365	14363	14362	6.01088093743461	2.0	8.0	7128	230	365	90730	50295	25.457351290684624	1.0	10.0	0.32954545454545453	-2349.0	0.07391304347826087	-17.0	0.0	0.0	0.8416951394246666	-76367.0	0.7144447758226464	-35933.0	0.7638842757520451	-19.446470353250014	1.0	1.0	0.2	-2.0	gamma(1,2)	uniform	7128	230	365	139	18	111	0	0	False	0.05	1	None	None
82	14.956734640243194	6698	202	365	112510	112507	33.59510301582562	10.0	46.0	7128	230	365	90730	50295	25.457351290684624	1.0	10.0	0.06032547699214366	-430.0	0.12173913043478261	-28.0	0.0	0.0	0.240052904221316	21780.0	1.2369420419524804	62212.0	0.31966215307398343	8.137751725140998	9.0	9.0	3.6	36.0	gamma(1,2)	uniform	7128	230	365	115	16	125	0	0	False	0.4	1	None	None
83	4.371007010483547	4717	205	365	13750	13750	5.82997668009328	2.0	8.0	7128	230	365	90730	50295	25.457351290684624	1.0	10.0	0.3382435465768799	-2411.0	0.10869565217391304	-25.0	0.0	0.0	0.8484514493552298	-76980.0	0.7266129833979521	-36545.0	0.770990445411083	-19.627374610591346	1.0	1.0	0.2	-2.0	gamma(1,2)	uniform	7128	230	365	84	57	112	0	0	False	0.05	1	None	None
84	4.462620541054532	4570	197	365	12844	12844	5.621006564551422	2.0	8.0	7128	230	365	90730	50295	25.457351290684624	1.0	10.0	0.35886644219977554	-2558.0	0.14347826086956522	-33.0	0.0	0.0	0.8584371211286234	-77886.0	0.7446267024555124	-37451.0	0.7791990808325662	-19.836344726133202	1.0	1.0	0.2	-2.0	gamma(1,2)	uniform	7128	230	365	66	57	99	0	0	False	0.05	1	None	None
85	5.873373725881253	5506	190	365	24486	24486	8.894297130403196	4.0	12.0	7128	230	365	90730	50295	25.457351290684624	1.0	10.0	0.2275533108866442	-1622.0	0.17391304347826086	-40.0	0.0	0.0	0.7301223410117932	-66244.0	0.5131524008350731	-25809.0	0.650619696100992	-16.56305416028143	3.0	3.0	0.2	2.0	gamma(1,2)	uniform	7128	230	365	53	45	111	0	0	False	0.1	1	None	None
86	4.3890134777469285	4745	194	365	14324	14324	6.037513171759747	2.0	8.0	7128	230	365	90730	50295	25.457351290684624	1.0	10.0	0.33431537598204264	-2383.0	0.1565217391304348	-36.0	0.0	0.0	0.842124986222859	-76406.0	0.7152003181230738	-35971.0	0.7628381247200293	-19.419838118924876	1.0	1.0	0.2	-2.0	gamma(1,2)	gamma(3,1)	7128	230	365	85	30	136	0	0	False	0.05	1	None	None
87	5.75753579032269	5737	191	365	31060	31058	10.827958863517518	4.0	14.0	7128	230	365	90730	50295	25.457351290684624	1.0	10.0	0.19514590347923683	-1391.0	0.16956521739130434	-39.0	0.0	0.0	0.6576656012344319	-59670.0	0.3824833482453524	-19237.0	0.5746627864038749	-14.629392427167106	3.0	3.0	0.4	4.0	gamma(1,2)	gamma(3,1)	7128	230	365	87	29	148	0	0	False	0.1	1	None	None
88	3.941586720782337	5151	202	365	18102	18102	7.028538147932441	2.0	10.0	7128	230	365	90730	50295	25.457351290684624	1.0	10.0	0.27735690235690236	-1977.0	0.12173913043478261	-28.0	0.0	0.0	0.8004849553620632	-72628.0	0.6400835073068893	-32193.0	0.7239092917532104	-18.428813142752183	1.0	1.0	0.0	0.0	gamma(1,2)	gamma(3,1)	7128	230	365	80	101	137	0	0	False	0.05	1	None	None
89	7.634683694627509	6225	202	365	51004	51004	16.38682730923695	6.0	22.0	7128	230	365	90730	50295	25.457351290684624	1.0	10.0	0.12668350168350168	-903.0	0.12173913043478261	-28.0	0.0	0.0	0.43784856166648295	-39726.0	0.014096828710607415	709.0	0.356302738563645	-9.070523981447675	5.0	5.0	1.2	12.0	gamma(1,2)	gamma(3,1)	7128	230	365	50	95	137	0	0	False	0.15000000000000002	1	None	None
90	5.684135137138718	6076	203	365	40125	40125	13.207702435813035	4.0	18.0	7128	230	365	90730	50295	25.457351290684624	1.0	10.0	0.14758698092031425	-1052.0	0.11739130434782609	-27.0	0.0	0.0	0.5577537749366251	-50605.0	0.2022069788249329	-10170.0	0.4811831645405306	-12.24964885487159	3.0	3.0	0.8	8.0	gamma(1,2)	gamma(3,1)	7128	230	365	82	111	153	0	0	False	0.05	2	None	None
91	4.329537241051479	4896	192	365	15467	15466	6.318218954248366	2.0	8.0	7128	230	365	90730	50295	25.457351290684624	1.0	10.0	0.31313131313131315	-2232.0	0.16521739130434782	-38.0	0.0	0.0	0.8295271685219883	-75263.0	0.6924942837260165	-34829.0	0.7518116129952477	-19.13913233643626	1.0	1.0	0.2	-2.0	gamma(1,2)	gamma(3,1)	7128	230	365	66	70	128	0	0	False	0.05	1	None	None
92	5.674763120648875	5999	199	365	36282	36282	12.096016002667112	4.0	16.0	7128	230	365	90730	50295	25.457351290684624	1.0	10.0	0.1583894500561167	-1129.0	0.13478260869565217	-31.0	0.0	0.0	0.6001102171277416	-54448.0	0.2786161646286907	-14013.0	0.5248517465721858	-13.361335288017512	3.0	3.0	0.6	6.0	gamma(1,2)	gamma(3,1)	7128	230	365	97	81	142	0	0	False	0.1	1	None	None
93	4.379503504083593	4786	191	365	14722	14722	6.1521103217718345	2.0	8.0	7128	230	365	90730	50295	25.457351290684624	1.0	10.0	0.3285634118967452	-2342.0	0.16956521739130434	-39.0	0.0	0.0	0.8377383445387413	-76008.0	0.7072870066607019	-35573.0	0.7583365900276114	-19.30524096891279	1.0	1.0	0.2	-2.0	gamma(1,2)	gamma(3,1)	7128	230	365	65	67	124	0	0	False	0.05	1	None	None
94	5.753007478337268	5749	198	365	30460	30460	10.596625500086972	4.0	14.0	7128	230	365	90730	50295	25.457351290684624	1.0	10.0	0.19346240179573512	-1379.0	0.1391304347826087	-32.0	0.0	0.0	0.6642786288989309	-60270.0	0.39437319813102695	-19835.0	0.5837498811604764	-14.860725790597652	3.0	3.0	0.4	4.0	gamma(1,2)	gamma(3,1)	7128	230	365	69	69	127	0	0	False	0.1	1	None	None
95	4.388177937488996	4861	184	365	15040	15040	6.188027154906398	2.0	8.0	7128	230	365	90730	50295	25.457351290684624	1.0	10.0	0.3180415263748597	-2267.0	0.2	-46.0	0.0	0.0	0.8342334398765568	-75690.0	0.7009643105676509	-35255.0	0.7569257271014395	-19.269324135778227	1.0	1.0	0.2	-2.0	gamma(1,2)	gamma(3,1)	7128	230	365	42	83	129	0	0	False	0.05	1	None	None
96	35.04196564950161	6926	179	365	237035	237021	68.44787756280681	20.0	94.0	7128	230	365	90730	50295	25.457351290684624	1.0	10.0	0.02833894500561167	-202.0	0.2217391304347826	-51.0	0.0	0.0	1.6125316874242257	146305.0	3.7126155681479274	186726.0	1.6887273849205715	42.99052627212218	19.0	19.0	8.4	84.0	gamma(1,2)	gamma(3,1)	7128	230	365	28	76	122	0	0	False	0.8500000000000001	1	None	None
97	4.215581845020304	5000	203	365	16697	16697	6.6788	2.0	8.0	7128	230	365	90730	50295	25.457351290684624	1.0	10.0	0.29854096520763185	-2128.0	0.11739130434782609	-27.0	0.0	0.0	0.8159704618097653	-74033.0	0.6680186897305895	-33598.0	0.7376474903560014	-18.778551290684625	1.0	1.0	0.2	-2.0	gamma(1,2)	gamma(3,1)	7128	230	365	171	56	110	0	0	False	0.05	1	None	None
98	6.53338383788016	4477	217	365	34530	34530	15.42550815278088	4.0	24.0	7128	230	365	90730	50295	25.457351290684624	1.0	10.0	0.37191358024691357	-2651.0	0.05652173913043478	-13.0	0.0	0.0	0.6194202579080789	-56200.0	0.31345064121682076	-15765.0	0.39406468580942294	-10.031843137903744	3.0	3.0	1.4	14.0	empirical	uniform	7128	230	365	171	56	110	0	0	False	0.1	1	None	None
99	7.709693856560097	6326	204	365	54484	54483	17.2254189061018	6.0	23.0	7128	230	365	90730	50295	25.457351290684624	1.0	10.0	0.11251402918069585	-802.0	0.11304347826086956	-26.0	0.0	0.0	0.3994930012123884	-36246.0	0.08326871458395467	4188.0	0.32336169975369977	-8.231932384582823	5.0	5.0	1.3	13.0	gamma(1,2)	gamma(3,1)	7128	230	365	124	134	87	0	0	False	0.15000000000000002	1	None	None
100	23.043727554518977	6831	227	365	165335	165331	48.40726101595667	14.0	66.0	7128	230	365	90730	50295	25.457351290684624	1.0	10.0	0.041666666666666664	-297.0	0.013043478260869565	-3.0	0.0	0.0	0.8222748815165877	74605.0	2.2872253703151406	115036.0	0.901504224191222	22.949909725272047	13.0	13.0	5.6	56.0	gamma(1,2)	uniform	7128	230	365	140	96	144	0	0	False	0.2	2	None	None
101	3.875198838374195	5169	212	365	18565	18565	7.18320758367189	2.0	10.0	7128	230	365	90730	50295	25.457351290684624	1.0	10.0	0.2748316498316498	-1959.0	0.0782608695652174	-18.0	0.0	0.0	0.7953819023476248	-72165.0	0.630877820856944	-31730.0	0.7178336622042696	-18.274143707012733	1.0	1.0	0.0	0.0	gamma(1,2)	gamma(3,1)	7128	230	365	196	67	116	0	0	False	0.05	1	None	None
102	3.9061883742900374	5128	206	365	18535	18534	7.228939157566303	2.0	10.0	7128	230	365	90730	50295	25.457351290684624	1.0	10.0	0.28058361391694725	-2000.0	0.10434782608695652	-24.0	0.0	0.0	0.7957125537308498	-72195.0	0.6314941843125559	-31761.0	0.716037262674239	-18.228412133118322	1.0	1.0	0.0	0.0	gamma(1,2)	gamma(3,1)	7128	230	365	193	62	116	0	0	False	0.05	1	None	None
103	3.79080092360803	5212	214	365	20122	20095	7.7214121258633925	2.0	10.0	7128	230	365	90730	50295	25.457351290684624	1.0	10.0	0.26879910213243546	-1916.0	0.06956521739130435	-16.0	0.0	0.0	0.7782210955582497	-70608.0	0.6004573019186797	-30200.0	0.6966922427358412	-17.735939164821232	1.0	1.0	0.0	0.0	gamma(1,2)	gamma(3,1)	7128	230	365	197	78	118	0	0	False	0.05	1	None	None
104	5.632800309954602	6085	212	365	42675	42674	14.026294165981923	4.0	19.0	7128	230	365	90730	50295	25.457351290684624	1.0	10.0	0.14632435465768798	-1043.0	0.0782608695652174	-18.0	0.0	0.0	0.5296484073625042	-48055.0	0.15152599661994234	-7621.0	0.4490277481807608	-11.4310571247027	3.0	3.0	0.9	9.0	gamma(1,2)	gamma(3,1)	7128	230	365	193	90	131	0	0	False	0.1	1	None	None
105	3.752141528931469	5293	208	365	21397	21379	8.085017948233515	2.0	10.0	7128	230	365	90730	50295	25.457351290684624	1.0	10.0	0.2574354657687991	-1835.0	0.09565217391304348	-22.0	0.0	0.0	0.7641684117711892	-69333.0	0.5749279252410776	-28916.0	0.6824093026837401	-17.372333342451107	1.0	1.0	0.0	0.0	gamma(1,2)	gamma(3,1)	7128	230	365	200	109	116	0	0	False	0.05	1	None	None
106	35.33481546106206	6908	211	365	241703	241694	69.97770700636943	20.0	96.25	7128	230	365	90730	50295	25.457351290684624	1.0	10.0	0.030864197530864196	-220.0	0.08260869565217391	-19.0	0.0	0.0	1.6639810426540285	150973.0	3.8055273884083904	191399.0	1.7488212032481056	44.5203557156848	19.0	19.0	8.625	86.25	gamma(1,2)	gamma(3,1)	7128	230	365	199	119	116	0	0	False	0.55	1	None	None
107	5.564246766112543	6090	208	365	42348	42348	13.907389162561577	4.0	18.0	7128	230	365	90730	50295	25.457351290684624	1.0	10.0	0.14562289562289563	-1038.0	0.09565217391304348	-22.0	0.0	0.0	0.5332525074396561	-48382.0	0.15800775424992544	-7947.0	0.45369850131853345	-11.549962128123047	3.0	3.0	0.8	8.0	gamma(1,2)	gamma(3,1)	7128	230	365	209	112	104	0	0	False	0.1	1	None	None
108	3.833184599837501	5216	205	365	20053	20053	7.689033742331288	2.0	10.0	7128	230	365	90730	50295	25.457351290684624	1.0	10.0	0.26823793490460157	-1912.0	0.10869565217391304	-25.0	0.0	0.0	0.7789815937396671	-70677.0	0.6012923749875733	-30242.0	0.6979641104632569	-17.768317548353338	1.0	1.0	0.0	0.0	gamma(1,2)	gamma(3,1)	7128	230	365	225	63	121	0	0	False	0.05	1	None	None
109	7.75261719875592	6305	216	365	56044	56044	17.777636796193498	6.0	24.0	7128	230	365	90730	50295	25.457351290684624	1.0	10.0	0.1154601571268238	-823.0	0.06086956521739131	-14.0	0.0	0.0	0.38229912928469084	-34686.0	0.1143055969778308	5749.0	0.3016698165806941	-7.679714494491126	5.0	5.0	1.4	14.0	gamma(1,2)	gamma(3,1)	7128	230	365	226	103	199	0	0	False	0.1	1	None	None
110	5.7476059050860195	5495	217	365	24665	24644	8.977252047315742	4.0	12.0	7128	230	365	90730	50295	25.457351290684624	1.0	10.0	0.22909652076318743	-1633.0	0.05652173913043478	-13.0	0.0	0.0	0.7281494544252177	-66065.0	0.5100109354806641	-25651.0	0.6473611121279257	-16.480099243368883	3.0	3.0	0.2	2.0	gamma(1,2)	gamma(3,1)	7128	230	365	217	152	120	0	0	False	0.05	1	None	None
111	3.8964458915387894	5156	206	365	18694	18694	7.251357641582622	2.0	10.0	7128	230	365	90730	50295	25.457351290684624	1.0	10.0	0.27665544332211	-1972.0	0.10434782608695652	-24.0	0.0	0.0	0.7939601013997575	-72036.0	0.6283129535739139	-31601.0	0.7151566335875624	-18.205993649102002	1.0	1.0	0.0	0.0	gamma(1,2)	gamma(3,1)	7128	230	365	183	63	115	0	0	False	0.05	1	None	None
112	3.8786469835935504	5183	207	365	18936	18936	7.306965078140073	2.0	10.0	7128	230	365	90730	50295	25.457351290684624	1.0	10.0	0.2728675645342312	-1945.0	0.1	-23.0	0.0	0.0	0.7912928469084096	-71794.0	0.6235013420817178	-31359.0	0.7129722965007029	-18.15038621254455	1.0	1.0	0.0	0.0	gamma(1,2)	gamma(3,1)	7128	230	365	183	79	114	0	0	False	0.05	1	None	None
113	7.773621192529661	6335	210	365	57225	57225	18.066298342541437	6.0	24.0	7128	230	365	90730	50295	25.457351290684624	1.0	10.0	0.11125140291806958	-793.0	0.08695652173913043	-20.0	0.0	0.0	0.36928248649840184	-33505.0	0.13778705636743216	6930.0	0.29033079143813867	-7.391052948143187	5.0	5.0	1.4	14.0	gamma(1,2)	gamma(3,1)	7128	230	365	180	78	116	0	0	False	0.15000000000000002	1	None	None
114	3.9179879911237423	5127	209	365	17999	17999	7.021259996099083	2.0	10.0	7128	230	365	90730	50295	25.457351290684624	1.0	10.0	0.2807239057239057	-2001.0	0.09130434782608696	-21.0	0.0	0.0	0.8016201917778023	-72731.0	0.6421314245948901	-32296.0	0.7241951876325677	-18.43609129458554	1.0	1.0	0.0	0.0	gamma(1,2)	gamma(3,1)	7128	230	365	202	62	103	0	0	False	0.05	1	None	None
115	5.6587546287227966	6069	203	365	40708	40706	13.41506014170374	4.0	18.0	7128	230	365	90730	50295	25.457351290684624	1.0	10.0	0.14856902356902357	-1059.0	0.11739130434782609	-27.0	0.0	0.0	0.5513281163892869	-50022.0	0.1906551347052391	-9589.0	0.47303786680224696	-12.042291148980883	3.0	3.0	0.8	8.0	gamma(1,2)	gamma(3,1)	7128	230	365	218	87	108	0	0	False	0.1	1	None	None
116	3.9197572400183605	5183	207	365	18033	18032	6.958518232683774	2.0	10.0	7128	230	365	90730	50295	25.457351290684624	1.0	10.0	0.2728675645342312	-1945.0	0.1	-23.0	0.0	0.0	0.8012454535434806	-72697.0	0.6414752957550452	-32263.0	0.7266597709546458	-18.498833058000848	1.0	1.0	0.0	0.0	gamma(1,2)	gamma(3,1)	7128	230	365	199	62	101	0	0	False	0.05	1	None	None
117	19.329193755815858	6779	202	365	140940	140638	41.58135418203275	12.0	58.0	7128	230	365	90730	50295	25.457351290684624	1.0	10.0	0.048961840628507294	-349.0	0.12173913043478261	-28.0	0.0	0.0	0.55340019839083	50210.0	1.7962620538820957	90343.0	0.6333731544667113	16.124002891348123	11.0	11.0	4.8	48.0	gamma(1,2)	gamma(3,1)	7128	230	365	203	65	93	0	0	False	0.1	4	None	None
118	3.967777414619795	5065	203	365	17603	17603	6.9508390918065155	2.0	10.0	7128	230	365	90730	50295	25.457351290684624	1.0	10.0	0.28942199775533106	-2063.0	0.11739130434782609	-27.0	0.0	0.0	0.8059847900363717	-73127.0	0.6500049706730291	-32692.0	0.7269614182387477	-18.50651219887811	1.0	1.0	0.0	0.0	gamma(1,2)	gamma(3,1)	7128	230	365	193	62	102	0	0	False	0.05	1	None	None
119	7.997382428818189	6349	203	365	58472	58417	18.419278626555364	6.0	26.0	7128	230	365	90730	50295	25.457351290684624	1.0	10.0	0.10928731762065096	-779.0	0.11739130434782609	-27.0	0.0	0.0	0.355538410669018	-32258.0	0.16148722537031515	8122.0	0.27646523724189004	-7.03807266412926	5.0	5.0	1.6	16.0	gamma(1,2)	gamma(3,1)	7128	230	365	194	95	102	0	0	False	0.15000000000000002	1	None	None
120	5.636214859901354	6085	209	365	40612	40612	13.34823336072309	4.0	18.0	7128	230	365	90730	50295	25.457351290684624	1.0	10.0	0.14632435465768798	-1043.0	0.09130434782608696	-21.0	0.0	0.0	0.5523862008156067	-50118.0	0.19252410776419127	-9683.0	0.4756629152692925	-12.109117929961535	3.0	3.0	0.8	8.0	gamma(1,2)	gamma(3,1)	7128	230	365	248	61	114	0	0	False	0.1	1	None	None
121	4.761967270296173	5292	214	365	20610	20609	7.789115646258503	3.0	10.0	7128	230	365	90730	50295	25.457351290684624	1.0	10.0	0.25757575757575757	-1836.0	0.06956521739130435	-16.0	0.0	0.0	0.7728424997244572	-70120.0	0.5902375981707924	-29686.0	0.6940327547309014	-17.66823564442612	2.0	2.0	0.0	0.0	gamma(1,2)	gamma(3,1)	7128	230	365	233	80	104	0	0	False	0.05	1	None	None
122	3.862271362485834	5213	208	365	19142	19142	7.343947822750815	2.0	10.0	7128	230	365	90730	50295	25.457351290684624	1.0	10.0	0.268658810325477	-1915.0	0.09565217391304348	-22.0	0.0	0.0	0.7890223740769315	-71588.0	0.6194055075057163	-31153.0	0.7115195630961765	-18.113403467933807	1.0	1.0	0.0	0.0	gamma(1,2)	gamma(3,1)	7128	230	365	186	72	119	0	0	False	0.05	1	None	None
123	3.834936926939518	5262	208	365	19647	19647	7.467502850627138	2.0	10.0	7128	230	365	90730	50295	25.457351290684624	1.0	10.0	0.2617845117845118	-1866.0	0.09565217391304348	-22.0	0.0	0.0	0.7834564091259781	-71083.0	0.6093647479868775	-30648.0	0.7066661505606181	-17.989848440057486	1.0	1.0	0.0	0.0	gamma(1,2)	gamma(3,1)	7128	230	365	188	72	120	0	0	False	0.05	1	None	None
124	5.671985060077038	5977	213	365	39534	39534	13.228710055211645	4.0	18.0	7128	230	365	90730	50295	25.457351290684624	1.0	10.0	0.16147586980920314	-1151.0	0.07391304347826087	-17.0	0.0	0.0	0.5642676071861568	-51196.0	0.21395764986579183	-10761.0	0.4803579561691359	-12.22864123547298	3.0	3.0	0.8	8.0	gamma(1,2)	gamma(3,1)	7128	230	365	204	70	120	0	0	False	0.1	1	None	None
125	3.8126803392853965	5293	208	365	20076	20076	7.585868127715851	2.0	10.0	7128	230	365	90730	50295	25.457351290684624	1.0	10.0	0.2574354657687991	-1835.0	0.09565217391304348	-22.0	0.0	0.0	0.7787280943458613	-70654.0	0.6008350730688935	-30219.0	0.7020165986203097	-17.871483162968772	1.0	1.0	0.0	0.0	gamma(1,2)	gamma(3,1)	7128	230	365	185	75	124	0	0	False	0.05	1	None	None
126	6.524830726712358	4516	209	365	39555	39515	17.517714791851194	4.0	26.0	7128	230	365	90730	50295	25.457351290684624	1.0	10.0	0.3664421997755331	-2612.0	0.09130434782608696	-21.0	0.0	0.0	0.5640361512178993	-51175.0	0.21433542101600556	-10780.0	0.3118799127283406	-7.93963649883343	3.0	3.0	1.6	16.0	empirical	gamma(3,1)	7128	230	365	185	75	122	0	0	False	0.1	1	None	None
127	5.7085805398616785	5946	214	365	20486	20467	6.890682811974437	4.0	10.0	7128	230	365	90730	50295	25.457351290684624	1.0	10.0	0.16582491582491582	-1182.0	0.06956521739130435	-16.0	0.0	0.0	0.7742091921084536	-70244.0	0.5930609404513371	-29828.0	0.7293244401865216	-18.566668478710188	3.0	3.0	0.0	0.0	gamma(2,2)	gamma(3,1)	7128	230	365	210	86	117	0	0	False	0.05	1	None	None
128	3.9359341365318845	5137	201	365	18349	18339	7.143858283044579	2.0	10.0	7128	230	365	90730	50295	25.457351290684624	1.0	10.0	0.279320987654321	-1991.0	0.12608695652173912	-29.0	0.0	0.0	0.7977625923068444	-72381.0	0.6353713092752759	-31956.0	0.7193793572052146	-18.313493007640044	1.0	1.0	0.0	0.0	gamma(1,2)	gamma(3,1)	7128	230	365	187	50	124	0	0	False	0.05	1	None	None
129	5.803438841724117	5935	204	365	37473	37438	12.627801179443976	4.0	18.0	7128	230	365	90730	50295	25.457351290684624	1.0	10.0	0.16736812570145904	-1193.0	0.11304347826086956	-26.0	0.0	0.0	0.586983357213711	-53257.0	0.2556317725420022	-12857.0	0.5039624886637459	-12.829550111240648	3.0	3.0	0.8	8.0	gamma(1,2)	gamma(3,1)	7128	230	365	220	73	95	0	0	False	0.1	1	None	None
130	4.047234924673605	5298	150	365	20437	20398	7.714986787466969	2.0	10.0	7128	230	365	90730	50295	25.457351290684624	1.0	10.0	0.25673400673400676	-1830.0	0.34782608695652173	-80.0	0.0	0.0	0.7747492560343877	-70293.0	0.5944328462073765	-29897.0	0.6969446389228229	-17.742364503217654	1.0	1.0	0.0	0.0	gamma(1,2)	gamma(0.5,1.0)	7128	230	365	198	90	114	0	0	False	0.05	1	None	None
131	3.872096119527262	5139	209	365	18970	18970	7.3827592916909905	2.0	10.0	7128	230	365	90730	50295	25.457351290684624	1.0	10.0	0.27904040404040403	-1989.0	0.09130434782608696	-21.0	0.0	0.0	0.790918108674088	-71760.0	0.6228253305497564	-31325.0	0.7099949948684372	-18.074591998993633	1.0	1.0	0.0	0.0	gamma(1,2)	gamma(3,1)	7128	230	365	186	49	124	0	0	False	0.05	1	None	None
132	3.9809494265743894	5090	203	365	17272	17272	6.78664047151277	2.0	10.0	7128	230	365	90730	50295	25.457351290684624	1.0	10.0	0.28591470258136925	-2038.0	0.11739130434782609	-27.0	0.0	0.0	0.8096329769646203	-73458.0	0.6565861417635948	-33023.0	0.7334113673484898	-18.670710819171852	1.0	1.0	0.0	0.0	gamma(1,2)	gamma(3,1)	7128	230	365	167	62	108	0	0	False	0.05	1	None	None
133	5.627624521004174	6075	213	365	40424	40423	13.308312757201646	4.0	18.0	7128	230	365	90730	50295	25.457351290684624	1.0	10.0	0.14772727272727273	-1053.0	0.07391304347826087	-17.0	0.0	0.0	0.5544582828171498	-50306.0	0.19628193657421214	-9872.0	0.47723105183878906	-12.149038533482978	3.0	3.0	0.8	8.0	gamma(1,2)	gamma(3,1)	7128	230	365	210	78	120	0	0	False	0.1	1	None	None
134	3.9484162741328777	5211	194	365	18596	18596	7.137209748608712	2.0	10.0	7128	230	365	90730	50295	25.457351290684624	1.0	10.0	0.2689393939393939	-1917.0	0.1565217391304348	-36.0	0.0	0.0	0.7950402292516257	-72134.0	0.6302614574013321	-31699.0	0.719640520841602	-18.320141542075913	1.0	1.0	0.0	0.0	gamma(1,2)	gamma(3,1)	7128	230	365	186	50	125	0	0	False	0.05	1	None	None
135	5.760307163468177	5521	214	365	24642	24609	8.92664372396305	4.0	12.0	7128	230	365	90730	50295	25.457351290684624	1.0	10.0	0.2254489337822671	-1607.0	0.06956521739130435	-16.0	0.0	0.0	0.7284029538190234	-66088.0	0.510706829704742	-25686.0	0.6493490771276942	-16.530707566721574	3.0	3.0	0.2	2.0	gamma(1,2)	gamma(3,1)	7128	230	365	201	173	113	0	0	False	0.05	1	None	None
136	5.796376610016067	6033	200	365	37913	37877	12.568539698325875	4.0	18.0	7128	230	365	90730	50295	25.457351290684624	1.0	10.0	0.15361952861952863	-1095.0	0.13043478260869565	-30.0	0.0	0.0	0.5821338035930783	-52817.0	0.24690327070285317	-12418.0	0.5062903616793407	-12.88881159235875	3.0	3.0	0.8	8.0	gamma(1,2)	gamma(3,1)	7128	230	365	178	69	118	0	0	False	0.1	1	None	None
137	4.710734005854499	5417	211	365	21801	21801	8.049104670481816	3.0	10.0	7128	230	365	90730	50295	25.457351290684624	1.0	10.0	0.24003928170594838	-1711.0	0.08260869565217391	-19.0	0.0	0.0	0.7597156398104266	-68929.0	0.5665374291679094	-28494.0	0.6838200259495516	-17.40824662020281	2.0	2.0	0.0	0.0	gamma(1,2)	gamma(3,1)	7128	230	365	232	60	135	0	0	False	0.05	1	None	None
138	7.552985688167872	6243	220	365	51094	51032	16.368412622136795	6.0	22.0	7128	230	365	90730	50295	25.457351290684624	1.0	10.0	0.12415824915824916	-885.0	0.043478260869565216	-10.0	0.0	0.0	0.4368566075168081	-39636.0	0.014653544089869769	737.0	0.3570260929648899	-9.08893866854783	5.0	5.0	1.2	12.0	gamma(1,2)	gamma(3,1)	7128	230	365	192	198	107	0	0	False	0.1	1	None	None
139	3.8944519449066393	5215	205	365	18722	18722	7.180057526366252	2.0	10.0	7128	230	365	90730	50295	25.457351290684624	1.0	10.0	0.26837822671156003	-1913.0	0.10869565217391304	-25.0	0.0	0.0	0.7936514934420809	-72008.0	0.6277562381946515	-31573.0	0.7179574008159448	-18.277293764318372	1.0	1.0	0.0	0.0	gamma(1,2)	gamma(3,1)	7128	230	365	172	66	127	0	0	False	0.05	1	None	None
140	7.888075283724464	6317	206	365	58176	58174	18.418869716637644	6.0	25.0	7128	230	365	90730	50295	25.457351290684624	1.0	10.0	0.1137766554433221	-811.0	0.10434782608695652	-24.0	0.0	0.0	0.35880083765017085	-32554.0	0.1566557311860026	7879.0	0.2764812997895231	-7.03848157404698	5.0	5.0	1.5	15.0	gamma(1,2)	gamma(3,1)	7128	230	365	161	81	127	0	0	False	0.15000000000000002	1	None	None
141	3.8166383236909907	5253	205	365	20347	20347	7.746811345897583	2.0	10.0	7128	230	365	90730	50295	25.457351290684624	1.0	10.0	0.26304713804713803	-1875.0	0.10869565217391304	-25.0	0.0	0.0	0.7757412101840626	-70383.0	0.5954468635053186	-29948.0	0.695694526212069	-17.71053994478704	1.0	1.0	0.0	0.0	gamma(1,2)	gamma(3,1)	7128	230	365	175	73	131	0	0	False	0.05	1	None	None
142	3.8480746042267	5259	202	365	19935	19935	7.581289218482601	2.0	10.0	7128	230	365	90730	50295	25.457351290684624	1.0	10.0	0.2622053872053872	-1869.0	0.12173913043478261	-28.0	0.0	0.0	0.7802821558470187	-70795.0	0.6036385326573218	-30360.0	0.7021964645137002	-17.876062072202025	1.0	1.0	0.0	0.0	gamma(1,2)	gamma(3,1)	7128	230	365	175	71	132	0	0	False	0.05	1	None	None
143	3.8285210196096373	5198	209	365	19809	19808	7.621777606771835	2.0	10.0	7128	230	365	90730	50295	25.457351290684624	1.0	10.0	0.2707631874298541	-1930.0	0.09130434782608696	-21.0	0.0	0.0	0.7816708916565634	-70921.0	0.6061636345561189	-30487.0	0.7006060245725249	-17.835573683912788	1.0	1.0	0.0	0.0	gamma(1,2)	gamma(3,1)	7128	230	365	175	72	132	0	0	False	0.05	1	None	None
144	5.7154710149747245	6047	206	365	39150	39150	12.948569538614189	4.0	18.0	7128	230	365	90730	50295	25.457351290684624	1.0	10.0	0.15165544332210998	-1081.0	0.10434782608695652	-24.0	0.0	0.0	0.5684999448914362	-51580.0	0.22159260363853267	-11145.0	0.49136226346719974	-12.508781752070435	3.0	3.0	0.8	8.0	gamma(1,2)	gamma(3,1)	7128	230	365	172	74	132	0	0	False	0.1	1	None	None
145	185.05958814595863	7081	206	365	1164311	1162860	328.8549639881373	96.0	447.0	7128	230	365	90730	50295	25.457351290684624	1.0	10.0	0.006593714927048261	-47.0	0.10434782608695652	-24.0	0.0	0.0	11.832701421800948	1073581.0	22.120787354607813	1112565.0	11.917878228300685	303.39761269745264	95.0	95.0	43.7	437.0	gamma(1,2)	gamma(3,1)	7128	230	365	154	70	139	0	0	False	0.6000000000000001	5	None	None
146	5.9383182568661494	6079	212	365	19739	19739	6.494160223721007	4.0	8.0	7128	230	365	90730	50295	25.457351290684624	1.0	10.0	0.14716610549943884	-1049.0	0.0782608695652174	-18.0	0.0	0.0	0.782442411550755	-70991.0	0.6075355403121583	-30556.0	0.7449003963700908	-18.963191066963617	3.0	3.0	0.2	-2.0	gamma(3,1)	gamma(3,1)	7128	230	365	175	87	132	0	0	False	0.05	1	None	None
147	25.977290606863438	6851	149	365	172489	172468	50.35440081739892	16.0	69.0	7128	230	365	90730	50295	25.457351290684624	1.0	10.0	0.03886083052749719	-277.0	0.3521739130434783	-81.0	0.0	0.0	0.9011242147029649	81759.0	2.429128143950691	122173.0	0.9779905710703157	24.897049526714294	15.0	15.0	5.9	59.0	gamma(1,2)	gamma(0.5,1.0)	7128	230	365	164	79	125	0	0	False	0.45	1	None	None
148	50.01143699684728	6963	205	365	322424	322393	92.61065632629614	28.0	129.0	7128	230	365	90730	50295	25.457351290684624	1.0	10.0	0.023148148148148147	-165.0	0.10869565217391304	-25.0	0.0	0.0	2.55366471949741	231694.0	5.4100407595188384	272098.0	2.6378747839404766	67.15330503561151	27.0	27.0	11.9	119.0	gamma(1,2)	gamma(3,1)	7128	230	365	182	96	134	0	0	False	0.7500000000000001	1	None	None
149	5.594040225444946	6009	206	365	37412	37411	12.451988683641204	4.0	16.0	7128	230	365	90730	50295	25.457351290684624	1.0	10.0	0.15698653198653198	-1119.0	0.10434782608695652	-24.0	0.0	0.0	0.587655681692935	-53318.0	0.256168605229148	-12884.0	0.5108686468808856	-13.00536260704342	3.0	3.0	0.6	6.0	gamma(1,2)	gamma(3,1)	7128	230	365	171	69	122	0	0	False	0.1	1	None	None
150	5.038281646698837	5780	203	365	19018	19018	6.5806228373702425	3.0	8.0	7128	230	365	90730	50295	25.457351290684624	1.0	10.0	0.18911335578002245	-1348.0	0.11739130434782609	-27.0	0.0	0.0	0.790389066460928	-71712.0	0.6218709613281639	-31277.0	0.7415040252134074	-18.87672845331438	2.0	2.0	0.2	-2.0	gamma(2,2)	gamma(3,1)	7128	230	365	187	52	129	0	0	False	0.05	1	None	None
151	3.950585630556785	5149	201	365	18005	18005	6.993590988541464	2.0	10.0	7128	230	365	90730	50295	25.457351290684624	1.0	10.0	0.27763748597081933	-1979.0	0.12608695652173912	-29.0	0.0	0.0	0.8015540615011573	-72725.0	0.642012128442191	-32290.0	0.7252820645523886	-18.46376030214316	1.0	1.0	0.0	0.0	gamma(1,2)	gamma(3,1)	7128	230	365	177	55	118	0	0	False	0.05	1	None	None
152	4.830060922015617	4420	177	365	11469	11469	5.189592760180996	2.0	6.0	7128	230	365	90730	50295	25.457351290684624	1.0	10.0	0.37991021324354657	-2708.0	0.23043478260869565	-53.0	0.0	0.0	0.8735919761931004	-79261.0	0.7719654041157172	-38826.0	0.7961456122860677	-20.267758530503627	1.0	1.0	0.4	-4.0	gamma(1,2)	gamma(3,1)	7128	230	365	189	75	6	0	0	False	0.05	1	None	None
153	3.919731929741405	5163	203	365	18459	18459	7.1504938988959905	2.0	10.0	7128	230	365	90730	50295	25.457351290684624	1.0	10.0	0.2756734006734007	-1965.0	0.11739130434782609	-27.0	0.0	0.0	0.7965502039016863	-72271.0	0.6329853862212944	-31836.0	0.7191187010287081	-18.306857391788633	1.0	1.0	0.0	0.0	gamma(1,2)	gamma(3,1)	7128	230	365	157	67	126	0	0	False	0.05	1	None	None
154	3.9218022312440466	5082	208	365	18094	18094	7.12081857536403	2.0	10.0	7128	230	365	90730	50295	25.457351290684624	1.0	10.0	0.28703703703703703	-2046.0	0.09565217391304348	-22.0	0.0	0.0	0.8005731290642566	-72636.0	0.6402425688438215	-32201.0	0.7202843888173989	-18.336532715320594	1.0	1.0	0.0	0.0	gamma(1,2)	gamma(3,1)	7128	230	365	166	65	120	0	0	False	0.05	1	None	None
155	6.692636589048339	4637	206	365	44710	44665	19.28401984041406	4.0	30.0	7128	230	365	90730	50295	25.457351290684624	1.0	10.0	0.3494668911335578	-2491.0	0.10434782608695652	-24.0	0.0	0.0	0.5072192218670781	-46020.0	0.1119395566159658	-5630.0	0.24249700527680246	-6.173331450270563	3.0	3.0	2.0	20.0	empirical	gamma(3,1)	7128	230	365	213	84	139	0	0	False	0.1	1	None	None
156	3.887399036122898	5145	207	365	18816	18816	7.314285714285714	2.0	10.0	7128	230	365	90730	50295	25.457351290684624	1.0	10.0	0.2781986531986532	-1983.0	0.1	-23.0	0.0	0.0	0.7926154524413094	-71914.0	0.6258872651356994	-31479.0	0.712684731778747	-18.14306557639891	1.0	1.0	0.0	0.0	gamma(1,2)	gamma(3,1)	7128	230	365	181	74	115	0	0	False	0.05	1	None	None
157	56.11576205509025	7007	212	365	376173	376145	107.37062937062937	30.0	148.0	7128	230	365	90730	50295	25.457351290684624	1.0	10.0	0.016975308641975308	-121.0	0.0782608695652174	-18.0	0.0	0.0	3.14607075939601	285443.0	6.478775226165623	325850.0	3.217666957752927	81.91327807994475	29.0	29.0	13.8	138.0	gamma(1,2)	gamma(3,1)	7128	230	365	148	91	131	0	0	False	0.9500000000000001	1	None	None
158	5.759415607259855	5914	198	365	34580	34580	11.69428474805546	4.0	16.0	7128	230	365	90730	50295	25.457351290684624	1.0	10.0	0.17031425364758698	-1214.0	0.1391304347826087	-32.0	0.0	0.0	0.6188691722693707	-56150.0	0.3124565066109951	-15715.0	0.540632306380804	-13.763066542629163	3.0	3.0	0.6	6.0	gamma(1,2)	gamma(3,1)	7128	230	365	182	45	113	0	0	False	0.1	1	None	None
159	3.887528631394494	5213	196	365	19703	19686	7.5591789756378285	2.0	10.0	7128	230	365	90730	50295	25.457351290684624	1.0	10.0	0.268658810325477	-1915.0	0.14782608695652175	-34.0	0.0	0.0	0.7828391932106249	-71027.0	0.6085893229943334	-30609.0	0.7030649854604517	-17.898172315046796	1.0	1.0	0.0	0.0	gamma(1,2)	gamma(3,1)	7128	230	365	176	80	123	0	0	False	0.05	1	None	None
160	5.819149517401745	6199	170	365	44750	44726	14.437812550411357	4.0	20.0	7128	230	365	90730	50295	25.457351290684624	1.0	10.0	0.130331088664422	-929.0	0.2608695652173913	-60.0	0.0	0.0	0.5067783533561115	-45980.0	0.11072671239685854	-5569.0	0.4328627363643109	-11.019538740273267	3.0	3.0	1.0	10.0	gamma(1,2)	empirical	7128	230	365	167	107	146	0	0	False	0.1	1	None	None
161	3.8228755394572187	5267	208	365	19901	19901	7.556863489652554	2.0	10.0	7128	230	365	90730	50295	25.457351290684624	1.0	10.0	0.26108305274971944	-1861.0	0.09565217391304348	-22.0	0.0	0.0	0.7806568940813402	-70829.0	0.6043145441892832	-30394.0	0.7031559409553433	-17.90048780103207	1.0	1.0	0.0	0.0	gamma(1,2)	gamma(3,1)	7128	230	365	184	81	122	0	0	False	0.05	1	None	None
162	3.7949510830896873	5330	212	365	20015	20015	7.51031894934334	2.0	10.0	7128	230	365	90730	50295	25.457351290684624	1.0	10.0	0.25224466891133557	-1798.0	0.0782608695652174	-18.0	0.0	0.0	0.7794004188250854	-70715.0	0.6020479172880008	-30280.0	0.7049842749315589	-17.947032341341284	1.0	1.0	0.0	0.0	gamma(1,2)	gamma(3,1)	7128	230	365	176	81	124	0	0	False	0.05	1	None	None
163	3.8034257671502014	5313	206	365	20432	20432	7.691323169584039	2.0	10.0	7128	230	365	90730	50295	25.457351290684624	1.0	10.0	0.25462962962962965	-1815.0	0.10434782608695652	-24.0	0.0	0.0	0.7748043645982585	-70298.0	0.5937568346754151	-29863.0	0.6978741785914525	-17.766028121100586	1.0	1.0	0.0	0.0	gamma(1,2)	gamma(3,1)	7128	230	365	194	80	123	0	0	False	0.05	1	None	None
164	3.7864723279618	5329	206	365	20772	20753	7.795834115218615	2.0	10.0	7128	230	365	90730	50295	25.457351290684624	1.0	10.0	0.252384960718294	-1799.0	0.10434782608695652	-24.0	0.0	0.0	0.7710569822550425	-69958.0	0.5873744905060145	-29542.0	0.6937688439695895	-17.66151717546601	1.0	1.0	0.0	0.0	gamma(1,2)	gamma(3,1)	7128	230	365	194	92	122	0	0	False	0.05	1	None	None
165	3.772653492401755	5303	209	365	20838	20838	7.858947765415802	2.0	10.0	7128	230	365	90730	50295	25.457351290684624	1.0	10.0	0.25603254769921435	-1825.0	0.09130434782608696	-21.0	0.0	0.0	0.7703295492119475	-69892.0	0.585684461676111	-29457.0	0.6912896524199061	-17.59840352526882	1.0	1.0	0.0	0.0	gamma(1,2)	gamma(3,1)	7128	230	365	196	91	122	0	0	False	0.05	1	None	None
166	5.558854599288123	6098	211	365	42164	42164	13.82879632666448	4.0	18.0	7128	230	365	90730	50295	25.457351290684624	1.0	10.0	0.14450056116722784	-1030.0	0.08260869565217391	-19.0	0.0	0.0	0.5352805025901025	-48566.0	0.16166616959936375	-8131.0	0.4567857367107659	-11.628554964020143	3.0	3.0	0.8	8.0	gamma(1,2)	gamma(3,1)	7128	230	365	206	87	122	0	0	False	0.1	1	None	None
167	3.763727311385784	5328	209	365	20948	20923	7.863363363363363	2.0	10.0	7128	230	365	90730	50295	25.457351290684624	1.0	10.0	0.25252525252525254	-1800.0	0.09130434782608696	-21.0	0.0	0.0	0.7691171608067894	-69782.0	0.5839944328462073	-29372.0	0.691116201619894	-17.593987927321262	1.0	1.0	0.0	0.0	gamma(1,2)	gamma(3,1)	7128	230	365	195	99	120	0	0	False	0.05	1	None	None
168	5.789547624179965	5382	208	365	22616	22616	8.40431066518023	4.0	11.0	7128	230	365	90730	50295	25.457351290684624	1.0	10.0	0.24494949494949494	-1746.0	0.09565217391304348	-22.0	0.0	0.0	0.750732943899482	-68114.0	0.5503330350929516	-27679.0	0.6698670427565045	-17.053040625504394	3.0	3.0	0.1	1.0	gamma(1,2)	gamma(3,1)	7128	230	365	194	120	127	0	0	False	0.05	1	None	None
169	5.575132326429468	6120	205	365	42358	42356	13.84248366013072	4.0	18.0	7128	230	365	90730	50295	25.457351290684624	1.0	10.0	0.1414141414141414	-1008.0	0.10869565217391304	-25.0	0.0	0.0	0.5331422903119145	-48372.0	0.15784869271299334	-7939.0	0.4562480793044651	-11.614867630553904	3.0	3.0	0.8	8.0	gamma(1,2)	gamma(3,1)	7128	230	365	218	100	134	0	0	False	0.1	1	None	None
170	4.780679469642893	5291	207	365	20849	20816	7.880929880929881	3.0	10.0	7128	230	365	90730	50295	25.457351290684624	1.0	10.0	0.25771604938271603	-1837.0	0.1	-23.0	0.0	0.0	0.7702083103714317	-69881.0	0.5861218809026743	-29479.0	0.6904261644920744	-17.576421409754744	2.0	2.0	0.0	0.0	gamma(1,2)	gamma(3,1)	7128	230	365	196	93	121	0	0	False	0.05	1	None	None
171	4.813465234214896	5361	211	365	21841	21841	8.148106696511844	3.0	11.0	7128	230	365	90730	50295	25.457351290684624	1.0	10.0	0.2478956228956229	-1767.0	0.08260869565217391	-19.0	0.0	0.0	0.75927477129946	-68889.0	0.5657421214832489	-28454.0	0.6799310893159021	-17.30924459417278	2.0	2.0	0.1	1.0	gamma(1,2)	gamma(3,1)	7128	230	365	208	107	118	0	0	False	0.05	1	None	None
172	3.7655239840777126	5298	207	365	21193	21193	8.000377500943753	2.0	10.0	7128	230	365	90730	50295	25.457351290684624	1.0	10.0	0.25673400673400676	-1830.0	0.1	-23.0	0.0	0.0	0.766416841177119	-69537.0	0.578626105974749	-29102.0	0.6857340966233492	-17.45697378974087	1.0	1.0	0.0	0.0	gamma(1,2)	gamma(3,1)	7128	230	365	188	100	123	0	0	False	0.05	1	None	None
173	3.777869692104594	5349	207	365	20831	20831	7.788745559917742	2.0	10.0	7128	230	365	90730	50295	25.457351290684624	1.0	10.0	0.24957912457912457	-1779.0	0.1	-23.0	0.0	0.0	0.7704067012013667	-69899.0	0.5858236405209265	-29464.0	0.6940472922346872	-17.66860573076688	1.0	1.0	0.0	0.0	gamma(1,2)	gamma(3,1)	7128	230	365	191	98	124	0	0	False	0.05	1	None	None
174	5.529268611093867	6160	214	365	42448	42368	13.781818181818181	4.0	18.0	7128	230	365	90730	50295	25.457351290684624	1.0	10.0	0.13580246913580246	-968.0	0.06956521739130435	-16.0	0.0	0.0	0.5321503361622396	-48282.0	0.15761010040759518	-7927.0	0.4586311032734487	-11.675533108866443	3.0	3.0	0.8	8.0	gamma(1,2)	gamma(3,1)	7128	230	365	190	99	124	0	0	False	0.1	1	None	None
175	5.714334498424562	5721	220	365	29219	29218	10.214647788848103	4.0	14.0	7128	230	365	90730	50295	25.457351290684624	1.0	10.0	0.1973905723905724	-1407.0	0.043478260869565216	-10.0	0.0	0.0	0.6779565744516698	-61511.0	0.41906750173973556	-21077.0	0.5987544944400459	-15.242703501836521	3.0	3.0	0.4	4.0	gamma(1,2)	gamma(3,1)	7128	230	365	400	104	129	0	0	False	0.05	1	None	None
176	5.695963022701876	6143	207	365	43948	43948	14.308318411199739	4.0	20.0	7128	230	365	90730	50295	25.457351290684624	1.0	10.0	0.13818742985409652	-985.0	0.1	-23.0	0.0	0.0	0.5156177670009919	-46782.0	0.1261954468635053	-6347.0	0.4379494454147926	-11.149032879484885	3.0	3.0	1.0	10.0	gamma(1,2)	gamma(3,1)	7128	230	365	199	92	136	0	0	False	0.1	1	None	None
177	5.851443681225543	5413	216	365	22635	22635	8.363199704415296	4.0	12.0	7128	230	365	90730	50295	25.457351290684624	1.0	10.0	0.24060044893378227	-1715.0	0.06086956521739131	-14.0	0.0	0.0	0.7505235313567729	-68095.0	0.5499552639427379	-27660.0	0.6714819382063693	-17.094151586269327	3.0	3.0	0.2	2.0	gamma(1,2)	gamma(3,1)	7128	230	365	204	116	125	0	0	False	0.05	1	None	None
178	3.7438520550786913	5319	213	365	21059	21059	7.91840571536003	2.0	10.0	7128	230	365	90730	50295	25.457351290684624	1.0	10.0	0.2537878787878788	-1809.0	0.07391304347826087	-17.0	0.0	0.0	0.767893750688857	-69671.0	0.5812903867183616	-29236.0	0.6889540618368439	-17.538945575324593	1.0	1.0	0.0	0.0	gamma(1,2)	gamma(3,1)	7128	230	365	189	87	130	0	0	False	0.05	1	None	None
179	5.682086615721301	6101	201	365	44907	44907	14.721193247008687	4.0	20.0	7128	230	365	90730	50295	25.457351290684624	1.0	10.0	0.1440796857463524	-1027.0	0.12608695652173912	-29.0	0.0	0.0	0.5050479444505677	-45823.0	0.10712794512376976	-5388.0	0.4217311503103829	-10.736158043675937	3.0	3.0	1.0	10.0	gamma(1,2)	gamma(3,1)	7128	230	365	223	87	130	0	0	False	0.1	1	None	None
180	5.816522367521144	6292	164	365	22261	22229	7.075969485060394	4.0	10.0	7128	230	365	90730	50295	25.457351290684624	1.0	10.0	0.11728395061728394	-836.0	0.28695652173913044	-66.0	0.0	0.0	0.7546456519343105	-68469.0	0.5580276369420419	-28066.0	0.7220461231703379	-18.38138180562423	3.0	3.0	0.0	0.0	gamma(3,1)	gamma(0.5,1.0)	7128	230	365	214	108	120	0	0	False	0.05	1	None	None
181	5.843958863602029	5411	215	365	22899	22899	8.463869894659029	4.0	12.0	7128	230	365	90730	50295	25.457351290684624	1.0	10.0	0.24088103254769921	-1717.0	0.06521739130434782	-15.0	0.0	0.0	0.7476137991843933	-67831.0	0.5447062332239785	-27396.0	0.6675274737731204	-16.993481396025594	3.0	3.0	0.2	2.0	gamma(1,2)	gamma(3,1)	7128	230	365	189	126	127	0	0	False	0.05	1	None	None
182	4.511984353765911	4545	189	365	12589	12589	5.5397139713971395	2.0	8.0	7128	230	365	90730	50295	25.457351290684624	1.0	10.0	0.36237373737373735	-2583.0	0.1782608695652174	-41.0	0.0	0.0	0.8612476578860355	-78141.0	0.7496967889452232	-37706.0	0.7823923664272082	-19.917637319287486	1.0	1.0	0.2	-2.0	gamma(1,2)	gamma(3,1)	7128	230	365	189	84	18	0	0	False	0.05	1	None	None
183	3.7758069701563004	5341	208	365	20802	20787	7.789552518255008	2.0	10.0	7128	230	365	90730	50295	25.457351290684624	1.0	10.0	0.25070145903479235	-1787.0	0.09565217391304348	-22.0	0.0	0.0	0.7707263308718175	-69928.0	0.5866984789740531	-29508.0	0.694015593794105	-17.667798772429617	1.0	1.0	0.0	0.0	gamma(1,2)	gamma(3,1)	7128	230	365	180	99	123	0	0	False	0.05	1	None	None
184	4.809684970208392	5374	209	365	22092	22092	8.221808708596948	3.0	11.0	7128	230	365	90730	50295	25.457351290684624	1.0	10.0	0.24607182940516273	-1754.0	0.09130434782608696	-21.0	0.0	0.0	0.7565083213931445	-68638.0	0.5607515657620041	-28203.0	0.6770359722535046	-17.235542582087675	2.0	2.0	0.1	1.0	gamma(1,2)	gamma(3,1)	7128	230	365	197	98	132	0	0	False	0.05	1	None	None
185	5.716068013459482	6062	169	365	42785	42784	14.115803365225998	4.0	18.0	7128	230	365	90730	50295	25.457351290684624	1.0	10.0	0.1495510662177329	-1066.0	0.26521739130434785	-61.0	0.0	0.0	0.5284360189573459	-47945.0	0.14933890048712595	-7511.0	0.4455117029244411	-11.341547925458626	3.0	3.0	0.8	8.0	gamma(1,2)	gamma(1,2)	7128	230	365	177	93	141	0	0	False	0.1	1	None	None
186	3.893891754326199	5224	196	365	19569	19569	7.491960183767228	2.0	10.0	7128	230	365	90730	50295	25.457351290684624	1.0	10.0	0.2671156004489338	-1904.0	0.14782608695652175	-34.0	0.0	0.0	0.7843161027223631	-71161.0	0.6109155979719654	-30726.0	0.7057054326579256	-17.965391106917394	1.0	1.0	0.0	0.0	gamma(1,2)	gamma(3,1)	7128	230	365	163	84	121	0	0	False	0.05	1	None	None
187	7.440235186340216	6712	214	365	46118	46077	13.741954707985697	6.0	19.0	7128	230	365	90730	50295	25.457351290684624	1.0	10.0	0.058361391694725026	-416.0	0.06956521739130435	-16.0	0.0	0.0	0.4917006502810537	-44612.0	0.08386519534745004	-4218.0	0.4601969957096768	-11.715396582698927	5.0	5.0	0.9	9.0	gamma(2,2)	gamma(3,1)	7128	230	365	206	104	137	0	0	False	0.1	1	None	None
188	3.8358566774358263	5250	202	365	20226	20207	7.7051428571428575	2.0	10.0	7128	230	365	90730	50295	25.457351290684624	1.0	10.0	0.26346801346801346	-1878.0	0.12173913043478261	-28.0	0.0	0.0	0.7770748374297366	-70504.0	0.5982304404016304	-30088.0	0.6973313221331738	-17.752208433541767	1.0	1.0	0.0	0.0	gamma(1,2)	gamma(3,1)	7128	230	365	172	99	118	0	0	False	0.05	1	None	None
189	5.918625976470513	6665	206	365	19411	19411	5.824756189047262	4.0	8.0	7128	230	365	90730	50295	25.457351290684624	1.0	10.0	0.06495510662177328	-463.0	0.10434782608695652	-24.0	0.0	0.0	0.7860575333406812	-71319.0	0.6140570633263744	-30884.0	0.7711955135262379	-19.632595101637364	3.0	3.0	0.2	-2.0	uniform	gamma(3,1)	7128	230	365	175	98	111	0	0	False	0.05	1	None	None
190	4.725122760621361	5408	206	365	21979	21979	8.128328402366863	3.0	10.0	7128	230	365	90730	50295	25.457351290684624	1.0	10.0	0.24130190796857465	-1720.0	0.10434782608695652	-24.0	0.0	0.0	0.7577537749366251	-68751.0	0.5629983099711701	-28316.0	0.6807080080895458	-17.32902288831776	2.0	2.0	0.0	0.0	gamma(1,2)	gamma(3,1)	7128	230	365	169	115	128	0	0	False	0.05	1	None	None
191	7.982019700230299	6381	206	365	59426	59423	18.62592070208431	6.0	26.0	7128	230	365	90730	50295	25.457351290684624	1.0	10.0	0.10479797979797979	-747.0	0.10434782608695652	-24.0	0.0	0.0	0.34502369668246446	-31304.0	0.1814892136395268	9128.0	0.26834805045488275	-6.831430588600313	5.0	5.0	1.6	16.0	gamma(1,2)	gamma(3,1)	7128	230	365	182	90	118	0	0	False	0.05	3	None	None
192	3.8188823727201693	5217	209	365	19984	19984	7.661107916427065	2.0	10.0	7128	230	365	90730	50295	25.457351290684624	1.0	10.0	0.2680976430976431	-1911.0	0.09130434782608696	-21.0	0.0	0.0	0.7797420919210846	-70746.0	0.6026642807436127	-30311.0	0.6990610755632529	-17.796243374257557	1.0	1.0	0.0	0.0	gamma(1,2)	gamma(3,1)	7128	230	365	191	82	119	0	0	False	0.05	1	None	None
193	3.807991404186653	5303	206	365	20329	20310	7.666980954176881	2.0	10.0	7128	230	365	90730	50295	25.457351290684624	1.0	10.0	0.25603254769921435	-1825.0	0.10434782608695652	-24.0	0.0	0.0	0.7759396010139976	-70401.0	0.5961825231136296	-29985.0	0.6988303745102347	-17.790370336507742	1.0	1.0	0.0	0.0	gamma(1,2)	gamma(3,1)	7128	230	365	195	81	123	0	0	False	0.05	1	None	None
194	5.613198487417914	6093	214	365	40630	40596	13.33661578860988	4.0	18.0	7128	230	365	90730	50295	25.457351290684624	1.0	10.0	0.1452020202020202	-1035.0	0.06956521739130435	-16.0	0.0	0.0	0.5521878099856717	-50100.0	0.19284223083805546	-9699.0	0.4761192695844196	-12.120735502074744	3.0	3.0	0.8	8.0	gamma(1,2)	gamma(3,1)	7128	230	365	203	82	123	0	0	False	0.1	1	None	None
195	4.424477773557721	3893	209	365	21507	21507	11.049062419727717	2.0	16.0	7128	230	365	90730	50295	25.457351290684624	1.0	10.0	0.4538439955106622	-3235.0	0.09130434782608696	-21.0	0.0	0.0	0.7629560233660311	-69223.0	0.572382940650164	-28788.0	0.565977532636288	-14.408288870956907	1.0	1.0	0.6	6.0	empirical	gamma(3,1)	7128	230	365	195	102	125	0	0	False	0.05	1	None	None
196	5.572120127869386	6099	215	365	41452	41380	13.593048040662403	4.0	18.0	7128	230	365	90730	50295	25.457351290684624	1.0	10.0	0.14436026936026936	-1029.0	0.06521739130434782	-15.0	0.0	0.0	0.543127962085308	-49278.0	0.1772542002187096	-8915.0	0.4660462557376744	-11.864303250022221	3.0	3.0	0.8	8.0	gamma(1,2)	gamma(3,1)	7128	230	365	194	94	117	0	0	False	0.1	1	None	None
197	3.780260316147008	5307	204	365	21140	21140	7.9668362540041455	2.0	10.0	7128	230	365	90730	50295	25.457351290684624	1.0	10.0	0.25547138047138046	-1821.0	0.11304347826086956	-26.0	0.0	0.0	0.7670009919541497	-69590.0	0.5796798886569241	-29155.0	0.6870516432351947	-17.490515036680478	1.0	1.0	0.0	0.0	gamma(1,2)	gamma(3,1)	7128	230	365	210	88	123	0	0	False	0.05	1	None	None
198	4.815957714929366	5338	212	365	21732	21731	8.142375421506182	3.0	11.0	7128	230	365	90730	50295	25.457351290684624	1.0	10.0	0.2511223344556678	-1790.0	0.0782608695652174	-18.0	0.0	0.0	0.7604761379918439	-68998.0	0.5679292176160652	-28564.0	0.6801562217320838	-17.31497586917844	2.0	2.0	0.1	1.0	gamma(1,2)	gamma(3,1)	7128	230	365	230	80	122	0	0	False	0.05	1	None	None
199	5.838122321558897	5370	185	365	21570	21570	8.033519553072626	4.0	10.0	7128	230	365	90730	50295	25.457351290684624	1.0	10.0	0.24663299663299662	-1758.0	0.1956521739130435	-45.0	0.0	0.0	0.7622616554612587	-69160.0	0.5711303310468238	-28725.0	0.6844322309362852	-17.423831737611998	3.0	3.0	0.0	0.0	gamma(1,2)	empirical	7128	230	365	210	88	128	0	0	False	0.05	1	None	None
